// SPDX-License-Identifier: MIT
// Copyright (c) 2026 Sirac Ozmen
//
// The reference renderer's shader container, generated by
// tools/gen_rhi_shaders.py from rhi/shaders/quad.*: edit the sources
// and run the script, not this file.

#ifndef MAUL_UI_QUAD_CONTAINER_H
#define MAUL_UI_QUAD_CONTAINER_H

#include <stdalign.h>
#include <stdint.h>

alignas(8) static const uint8_t s_quadContainer[24912] = {
    0x4D, 0x52, 0x53, 0x43, 0x01, 0x00, 0x00, 0x00, 0x50, 0x61, 0x00, 0x00, 0x00, 0x00, 0x00, 0x00,
    0x11, 0x4D, 0xF6, 0x66, 0x13, 0x7E, 0xE0, 0xE4, 0x87, 0x34, 0x52, 0x63, 0x64, 0x96, 0xB1, 0x36,
    0xB3, 0xE0, 0xB8, 0xA9, 0x5B, 0x8B, 0x8A, 0x93, 0x5A, 0x15, 0x92, 0xA4, 0x85, 0x98, 0xC6, 0x4F,
    0x0E, 0x00, 0x00, 0x00, 0x00, 0x00, 0x00, 0x00, 0x00, 0x00, 0x00, 0x00, 0x00, 0x00, 0x00, 0x00,
    0x01, 0x00, 0x00, 0x00, 0x00, 0x00, 0x00, 0x00, 0x90, 0x01, 0x00, 0x00, 0x00, 0x00, 0x00, 0x00,
    0x10, 0x00, 0x00, 0x00, 0x00, 0x00, 0x00, 0x00, 0x02, 0x00, 0x00, 0x00, 0x00, 0x00, 0x00, 0x00,
    0xA0, 0x01, 0x00, 0x00, 0x00, 0x00, 0x00, 0x00, 0x04, 0x00, 0x00, 0x00, 0x00, 0x00, 0x00, 0x00,
    0x03, 0x00, 0x00, 0x00, 0x00, 0x00, 0x00, 0x00, 0xA8, 0x01, 0x00, 0x00, 0x00, 0x00, 0x00, 0x00,
    0x60, 0x00, 0x00, 0x00, 0x00, 0x00, 0x00, 0x00, 0x04, 0x00, 0x00, 0x00, 0x00, 0x00, 0x00, 0x00,
    0x08, 0x02, 0x00, 0x00, 0x00, 0x00, 0x00, 0x00, 0x18, 0x00, 0x00, 0x00, 0x00, 0x00, 0x00, 0x00,
    0x05, 0x00, 0x00, 0x00, 0x00, 0x00, 0x00, 0x00, 0x20, 0x02, 0x00, 0x00, 0x00, 0x00, 0x00, 0x00,
    0x00, 0x00, 0x00, 0x00, 0x00, 0x00, 0x00, 0x00, 0x06, 0x00, 0x00, 0x00, 0x00, 0x00, 0x00, 0x00,
    0x20, 0x02, 0x00, 0x00, 0x00, 0x00, 0x00, 0x00, 0x08, 0x00, 0x00, 0x00, 0x00, 0x00, 0x00, 0x00,
    0x07, 0x00, 0x00, 0x00, 0x00, 0x00, 0x00, 0x00, 0x28, 0x02, 0x00, 0x00, 0x00, 0x00, 0x00, 0x00,
    0x00, 0x00, 0x00, 0x00, 0x00, 0x00, 0x00, 0x00, 0x08, 0x00, 0x00, 0x00, 0x00, 0x00, 0x00, 0x00,
    0x28, 0x02, 0x00, 0x00, 0x00, 0x00, 0x00, 0x00, 0x80, 0x22, 0x00, 0x00, 0x00, 0x00, 0x00, 0x00,
    0x09, 0x00, 0x00, 0x00, 0x00, 0x00, 0x00, 0x00, 0xA8, 0x24, 0x00, 0x00, 0x00, 0x00, 0x00, 0x00,
    0xB5, 0x0B, 0x00, 0x00, 0x00, 0x00, 0x00, 0x00, 0x0A, 0x00, 0x00, 0x00, 0x00, 0x00, 0x00, 0x00,
    0x60, 0x30, 0x00, 0x00, 0x00, 0x00, 0x00, 0x00, 0x20, 0x00, 0x00, 0x00, 0x00, 0x00, 0x00, 0x00,
    0x0B, 0x00, 0x00, 0x00, 0x00, 0x00, 0x00, 0x00, 0x80, 0x30, 0x00, 0x00, 0x00, 0x00, 0x00, 0x00,
    0x29, 0x00, 0x00, 0x00, 0x00, 0x00, 0x00, 0x00, 0x0C, 0x00, 0x00, 0x00, 0x00, 0x00, 0x00, 0x00,
    0xB0, 0x30, 0x00, 0x00, 0x00, 0x00, 0x00, 0x00, 0xB7, 0x17, 0x00, 0x00, 0x00, 0x00, 0x00, 0x00,
    0x0E, 0x00, 0x00, 0x00, 0x00, 0x00, 0x00, 0x00, 0x68, 0x48, 0x00, 0x00, 0x00, 0x00, 0x00, 0x00,
    0x48, 0x00, 0x00, 0x00, 0x00, 0x00, 0x00, 0x00, 0x0F, 0x00, 0x00, 0x00, 0x00, 0x00, 0x00, 0x00,
    0xB0, 0x48, 0x00, 0x00, 0x00, 0x00, 0x00, 0x00, 0x9C, 0x18, 0x00, 0x00, 0x00, 0x00, 0x00, 0x00,
    0x10, 0x00, 0x00, 0x00, 0x00, 0x00, 0x00, 0x00, 0x00, 0x00, 0x00, 0x00, 0x00, 0x00, 0x00, 0x00,
    0x76, 0x73, 0x66, 0x73, 0x00, 0x00, 0x00, 0x00, 0x01, 0x00, 0x00, 0x00, 0x00, 0x00, 0x00, 0x00,
    0x02, 0x00, 0x00, 0x00, 0x00, 0x00, 0x00, 0x00, 0x00, 0x00, 0x00, 0x00, 0x00, 0x00, 0x00, 0x00,
    0x00, 0x00, 0x00, 0x00, 0x00, 0x00, 0x00, 0x00, 0x00, 0x00, 0x02, 0x00, 0x00, 0x00, 0x00, 0x00,
    0x00, 0x00, 0x00, 0x00, 0x00, 0x00, 0x00, 0x00, 0x02, 0x00, 0x00, 0x00, 0x02, 0x00, 0x00, 0x00,
    0x02, 0x00, 0x00, 0x00, 0x00, 0x00, 0x00, 0x00, 0x00, 0x00, 0x00, 0x00, 0x00, 0x00, 0x00, 0x00,
    0x00, 0x00, 0x00, 0x00, 0x00, 0x00, 0x01, 0x00, 0x02, 0x00, 0x02, 0x00, 0x00, 0x00, 0x00, 0x00,
    0x00, 0x00, 0x00, 0x00, 0x00, 0x00, 0x00, 0x00, 0x00, 0x03, 0x00, 0x00, 0x03, 0x00, 0x00, 0x00,
    0x00, 0x00, 0x00, 0x00, 0x00, 0x00, 0x00, 0x00, 0x90, 0x00, 0x00, 0x00, 0x00, 0x00, 0x00, 0x00,
    0x00, 0x00, 0x00, 0x00, 0x01, 0x04, 0x00, 0x00, 0x03, 0x02, 0x23, 0x07, 0x00, 0x06, 0x01, 0x00,
    0x00, 0x00, 0x11, 0x00, 0x60, 0x01, 0x00, 0x00, 0x00, 0x00, 0x00, 0x00, 0x11, 0x00, 0x02, 0x00,
    0x01, 0x00, 0x00, 0x00, 0x0B, 0x00, 0x06, 0x00, 0x01, 0x00, 0x00, 0x00, 0x47, 0x4C, 0x53, 0x4C,
    0x2E, 0x73, 0x74, 0x64, 0x2E, 0x34, 0x35, 0x30, 0x00, 0x00, 0x00, 0x00, 0x0E, 0x00, 0x03, 0x00,
    0x00, 0x00, 0x00, 0x00, 0x01, 0x00, 0x00, 0x00, 0x0F, 0x00, 0x0B, 0x00, 0x00, 0x00, 0x00, 0x00,
    0x02, 0x00, 0x00, 0x00, 0x76, 0x73, 0x00, 0x00, 0x03, 0x00, 0x00, 0x00, 0x04, 0x00, 0x00, 0x00,
    0x05, 0x00, 0x00, 0x00, 0x06, 0x00, 0x00, 0x00, 0x07, 0x00, 0x00, 0x00, 0x08, 0x00, 0x00, 0x00,
    0x09, 0x00, 0x00, 0x00, 0x0F, 0x00, 0x09, 0x00, 0x04, 0x00, 0x00, 0x00, 0x0A, 0x00, 0x00, 0x00,
    0x66, 0x73, 0x00, 0x00, 0x0B, 0x00, 0x00, 0x00, 0x0C, 0x00, 0x00, 0x00, 0x0D, 0x00, 0x00, 0x00,
    0x0E, 0x00, 0x00, 0x00, 0x0F, 0x00, 0x00, 0x00, 0x10, 0x00, 0x03, 0x00, 0x0A, 0x00, 0x00, 0x00,
    0x07, 0x00, 0x00, 0x00, 0x03, 0x00, 0x03, 0x00, 0x02, 0x00, 0x00, 0x00, 0xC2, 0x01, 0x00, 0x00,
    0x03, 0x00, 0x03, 0x00, 0x02, 0x00, 0x00, 0x00, 0xC2, 0x01, 0x00, 0x00, 0x05, 0x00, 0x03, 0x00,
    0x02, 0x00, 0x00, 0x00, 0x76, 0x73, 0x00, 0x00, 0x05, 0x00, 0x04, 0x00, 0x10, 0x00, 0x00, 0x00,
    0x72, 0x65, 0x63, 0x74, 0x00, 0x00, 0x00, 0x00, 0x05, 0x00, 0x05, 0x00, 0x11, 0x00, 0x00, 0x00,
    0x49, 0x6E, 0x73, 0x74, 0x61, 0x6E, 0x63, 0x65, 0x00, 0x00, 0x00, 0x00, 0x06, 0x00, 0x05, 0x00,
    0x11, 0x00, 0x00, 0x00, 0x00, 0x00, 0x00, 0x00, 0x72, 0x65, 0x63, 0x74, 0x00, 0x00, 0x00, 0x00,
    0x06, 0x00, 0x05, 0x00, 0x11, 0x00, 0x00, 0x00, 0x01, 0x00, 0x00, 0x00, 0x72, 0x61, 0x64, 0x69,
    0x69, 0x00, 0x00, 0x00, 0x06, 0x00, 0x05, 0x00, 0x11, 0x00, 0x00, 0x00, 0x02, 0x00, 0x00, 0x00,
    0x66, 0x69, 0x6C, 0x6C, 0x00, 0x00, 0x00, 0x00, 0x06, 0x00, 0x05, 0x00, 0x11, 0x00, 0x00, 0x00,
    0x03, 0x00, 0x00, 0x00, 0x77, 0x69, 0x64, 0x74, 0x68, 0x73, 0x00, 0x00, 0x06, 0x00, 0x05, 0x00,
    0x11, 0x00, 0x00, 0x00, 0x04, 0x00, 0x00, 0x00, 0x63, 0x6F, 0x6C, 0x6F, 0x72, 0x73, 0x00, 0x00,
    0x06, 0x00, 0x05, 0x00, 0x11, 0x00, 0x00, 0x00, 0x05, 0x00, 0x00, 0x00, 0x6D, 0x65, 0x74, 0x61,
    0x00, 0x00, 0x00, 0x00, 0x05, 0x00, 0x05, 0x00, 0x12, 0x00, 0x00, 0x00, 0x49, 0x6E, 0x73, 0x74,
    0x61, 0x6E, 0x63, 0x65, 0x73, 0x00, 0x00, 0x00, 0x06, 0x00, 0x05, 0x00, 0x12, 0x00, 0x00, 0x00,
    0x00, 0x00, 0x00, 0x00, 0x69, 0x74, 0x65, 0x6D, 0x73, 0x00, 0x00, 0x00, 0x05, 0x00, 0x05, 0x00,
    0x03, 0x00, 0x00, 0x00, 0x69, 0x6E, 0x73, 0x74, 0x61, 0x6E, 0x63, 0x65, 0x73, 0x00, 0x00, 0x00,
    0x05, 0x00, 0x07, 0x00, 0x04, 0x00, 0x00, 0x00, 0x67, 0x6C, 0x5F, 0x49, 0x6E, 0x73, 0x74, 0x61,
    0x6E, 0x63, 0x65, 0x49, 0x6E, 0x64, 0x65, 0x78, 0x00, 0x00, 0x00, 0x00, 0x05, 0x00, 0x04, 0x00,
    0x13, 0x00, 0x00, 0x00, 0x52, 0x6F, 0x6F, 0x74, 0x00, 0x00, 0x00, 0x00, 0x06, 0x00, 0x05, 0x00,
    0x13, 0x00, 0x00, 0x00, 0x00, 0x00, 0x00, 0x00, 0x66, 0x72, 0x61, 0x6D, 0x65, 0x00, 0x00, 0x00,
    0x05, 0x00, 0x04, 0x00, 0x05, 0x00, 0x00, 0x00, 0x72, 0x6F, 0x6F, 0x74, 0x00, 0x00, 0x00, 0x00,
    0x05, 0x00, 0x04, 0x00, 0x14, 0x00, 0x00, 0x00, 0x63, 0x6F, 0x72, 0x6E, 0x65, 0x72, 0x00, 0x00,
    0x05, 0x00, 0x06, 0x00, 0x06, 0x00, 0x00, 0x00, 0x67, 0x6C, 0x5F, 0x56, 0x65, 0x72, 0x74, 0x65,
    0x78, 0x49, 0x6E, 0x64, 0x65, 0x78, 0x00, 0x00, 0x05, 0x00, 0x05, 0x00, 0x15, 0x00, 0x00, 0x00,
    0x69, 0x6E, 0x64, 0x65, 0x78, 0x61, 0x62, 0x6C, 0x65, 0x00, 0x00, 0x00, 0x05, 0x00, 0x04, 0x00,
    0x16, 0x00, 0x00, 0x00, 0x6C, 0x6F, 0x63, 0x61, 0x6C, 0x00, 0x00, 0x00, 0x05, 0x00, 0x04, 0x00,
    0x17, 0x00, 0x00, 0x00, 0x70, 0x69, 0x78, 0x65, 0x6C, 0x00, 0x00, 0x00, 0x05, 0x00, 0x05, 0x00,
    0x07, 0x00, 0x00, 0x00, 0x6F, 0x75, 0x74, 0x4C, 0x6F, 0x63, 0x61, 0x6C, 0x00, 0x00, 0x00, 0x00,
    0x05, 0x00, 0x05, 0x00, 0x08, 0x00, 0x00, 0x00, 0x6F, 0x75, 0x74, 0x49, 0x6E, 0x64, 0x65, 0x78,
    0x00, 0x00, 0x00, 0x00, 0x05, 0x00, 0x06, 0x00, 0x18, 0x00, 0x00, 0x00, 0x67, 0x6C, 0x5F, 0x50,
    0x65, 0x72, 0x56, 0x65, 0x72, 0x74, 0x65, 0x78, 0x00, 0x00, 0x00, 0x00, 0x06, 0x00, 0x06, 0x00,
    0x18, 0x00, 0x00, 0x00, 0x00, 0x00, 0x00, 0x00, 0x67, 0x6C, 0x5F, 0x50, 0x6F, 0x73, 0x69, 0x74,
    0x69, 0x6F, 0x6E, 0x00, 0x06, 0x00, 0x07, 0x00, 0x18, 0x00, 0x00, 0x00, 0x01, 0x00, 0x00, 0x00,
    0x67, 0x6C, 0x5F, 0x50, 0x6F, 0x69, 0x6E, 0x74, 0x53, 0x69, 0x7A, 0x65, 0x00, 0x00, 0x00, 0x00,
    0x06, 0x00, 0x07, 0x00, 0x18, 0x00, 0x00, 0x00, 0x02, 0x00, 0x00, 0x00, 0x67, 0x6C, 0x5F, 0x43,
    0x6C, 0x69, 0x70, 0x44, 0x69, 0x73, 0x74, 0x61, 0x6E, 0x63, 0x65, 0x00, 0x06, 0x00, 0x07, 0x00,
    0x18, 0x00, 0x00, 0x00, 0x03, 0x00, 0x00, 0x00, 0x67, 0x6C, 0x5F, 0x43, 0x75, 0x6C, 0x6C, 0x44,
    0x69, 0x73, 0x74, 0x61, 0x6E, 0x63, 0x65, 0x00, 0x05, 0x00, 0x03, 0x00, 0x09, 0x00, 0x00, 0x00,
    0x00, 0x00, 0x00, 0x00, 0x05, 0x00, 0x03, 0x00, 0x0A, 0x00, 0x00, 0x00, 0x66, 0x73, 0x00, 0x00,
    0x05, 0x00, 0x09, 0x00, 0x19, 0x00, 0x00, 0x00, 0x52, 0x6F, 0x75, 0x6E, 0x64, 0x65, 0x64, 0x52,
    0x65, 0x63, 0x74, 0x28, 0x76, 0x66, 0x32, 0x3B, 0x76, 0x66, 0x32, 0x3B, 0x76, 0x66, 0x34, 0x3B,
    0x00, 0x00, 0x00, 0x00, 0x05, 0x00, 0x03, 0x00, 0x1A, 0x00, 0x00, 0x00, 0x70, 0x00, 0x00, 0x00,
    0x05, 0x00, 0x04, 0x00, 0x1B, 0x00, 0x00, 0x00, 0x65, 0x78, 0x74, 0x65, 0x6E, 0x74, 0x00, 0x00,
    0x05, 0x00, 0x04, 0x00, 0x1C, 0x00, 0x00, 0x00, 0x72, 0x61, 0x64, 0x69, 0x69, 0x00, 0x00, 0x00,
    0x05, 0x00, 0x03, 0x00, 0x1D, 0x00, 0x00, 0x00, 0x72, 0x00, 0x00, 0x00, 0x05, 0x00, 0x03, 0x00,
    0x1E, 0x00, 0x00, 0x00, 0x71, 0x00, 0x00, 0x00, 0x05, 0x00, 0x04, 0x00, 0x1F, 0x00, 0x00, 0x00,
    0x73, 0x63, 0x61, 0x6C, 0x65, 0x00, 0x00, 0x00, 0x05, 0x00, 0x04, 0x00, 0x0B, 0x00, 0x00, 0x00,
    0x72, 0x6F, 0x6F, 0x74, 0x00, 0x00, 0x00, 0x00, 0x05, 0x00, 0x04, 0x00, 0x20, 0x00, 0x00, 0x00,
    0x73, 0x69, 0x7A, 0x65, 0x00, 0x00, 0x00, 0x00, 0x05, 0x00, 0x05, 0x00, 0x0C, 0x00, 0x00, 0x00,
    0x69, 0x6E, 0x73, 0x74, 0x61, 0x6E, 0x63, 0x65, 0x73, 0x00, 0x00, 0x00, 0x05, 0x00, 0x04, 0x00,
    0x0D, 0x00, 0x00, 0x00, 0x69, 0x6E, 0x64, 0x65, 0x78, 0x00, 0x00, 0x00, 0x05, 0x00, 0x04, 0x00,
    0x21, 0x00, 0x00, 0x00, 0x72, 0x61, 0x64, 0x69, 0x69, 0x00, 0x00, 0x00, 0x05, 0x00, 0x04, 0x00,
    0x22, 0x00, 0x00, 0x00, 0x77, 0x69, 0x64, 0x74, 0x68, 0x73, 0x00, 0x00, 0x05, 0x00, 0x04, 0x00,
    0x23, 0x00, 0x00, 0x00, 0x6F, 0x75, 0x74, 0x65, 0x72, 0x00, 0x00, 0x00, 0x05, 0x00, 0x04, 0x00,
    0x0E, 0x00, 0x00, 0x00, 0x6C, 0x6F, 0x63, 0x61, 0x6C, 0x00, 0x00, 0x00, 0x05, 0x00, 0x04, 0x00,
    0x24, 0x00, 0x00, 0x00, 0x70, 0x61, 0x72, 0x61, 0x6D, 0x00, 0x00, 0x00, 0x05, 0x00, 0x04, 0x00,
    0x25, 0x00, 0x00, 0x00, 0x70, 0x61, 0x72, 0x61, 0x6D, 0x00, 0x00, 0x00, 0x05, 0x00, 0x04, 0x00,
    0x26, 0x00, 0x00, 0x00, 0x70, 0x61, 0x72, 0x61, 0x6D, 0x00, 0x00, 0x00, 0x05, 0x00, 0x03, 0x00,
    0x27, 0x00, 0x00, 0x00, 0x6C, 0x6F, 0x77, 0x00, 0x05, 0x00, 0x04, 0x00, 0x28, 0x00, 0x00, 0x00,
    0x68, 0x69, 0x67, 0x68, 0x00, 0x00, 0x00, 0x00, 0x05, 0x00, 0x04, 0x00, 0x29, 0x00, 0x00, 0x00,
    0x69, 0x6E, 0x6E, 0x65, 0x72, 0x00, 0x00, 0x00, 0x05, 0x00, 0x04, 0x00, 0x2A, 0x00, 0x00, 0x00,
    0x69, 0x6E, 0x73, 0x69, 0x64, 0x65, 0x00, 0x00, 0x05, 0x00, 0x04, 0x00, 0x2B, 0x00, 0x00, 0x00,
    0x70, 0x61, 0x72, 0x61, 0x6D, 0x00, 0x00, 0x00, 0x05, 0x00, 0x04, 0x00, 0x2C, 0x00, 0x00, 0x00,
    0x70, 0x61, 0x72, 0x61, 0x6D, 0x00, 0x00, 0x00, 0x05, 0x00, 0x04, 0x00, 0x2D, 0x00, 0x00, 0x00,
    0x70, 0x61, 0x72, 0x61, 0x6D, 0x00, 0x00, 0x00, 0x05, 0x00, 0x04, 0x00, 0x2E, 0x00, 0x00, 0x00,
    0x63, 0x6F, 0x76, 0x65, 0x72, 0x65, 0x64, 0x00, 0x05, 0x00, 0x04, 0x00, 0x2F, 0x00, 0x00, 0x00,
    0x66, 0x69, 0x6C, 0x6C, 0x00, 0x00, 0x00, 0x00, 0x05, 0x00, 0x04, 0x00, 0x30, 0x00, 0x00, 0x00,
    0x72, 0x65, 0x61, 0x63, 0x68, 0x00, 0x00, 0x00, 0x05, 0x00, 0x04, 0x00, 0x31, 0x00, 0x00, 0x00,
    0x73, 0x69, 0x64, 0x65, 0x00, 0x00, 0x00, 0x00, 0x05, 0x00, 0x05, 0x00, 0x0F, 0x00, 0x00, 0x00,
    0x6F, 0x75, 0x74, 0x43, 0x6F, 0x6C, 0x6F, 0x72, 0x00, 0x00, 0x00, 0x00, 0x4A, 0x01, 0x09, 0x00,
    0x4C, 0x69, 0x6E, 0x6B, 0x65, 0x64, 0x20, 0x62, 0x79, 0x20, 0x53, 0x50, 0x49, 0x52, 0x2D, 0x56,
    0x20, 0x54, 0x6F, 0x6F, 0x6C, 0x73, 0x20, 0x4C, 0x69, 0x6E, 0x6B, 0x65, 0x72, 0x00, 0x00, 0x00,
    0x47, 0x00, 0x04, 0x00, 0x32, 0x00, 0x00, 0x00, 0x06, 0x00, 0x00, 0x00, 0x10, 0x00, 0x00, 0x00,
    0x48, 0x00, 0x05, 0x00, 0x11, 0x00, 0x00, 0x00, 0x00, 0x00, 0x00, 0x00, 0x23, 0x00, 0x00, 0x00,
    0x00, 0x00, 0x00, 0x00, 0x48, 0x00, 0x05, 0x00, 0x11, 0x00, 0x00, 0x00, 0x01, 0x00, 0x00, 0x00,
    0x23, 0x00, 0x00, 0x00, 0x10, 0x00, 0x00, 0x00, 0x48, 0x00, 0x05, 0x00, 0x11, 0x00, 0x00, 0x00,
    0x02, 0x00, 0x00, 0x00, 0x23, 0x00, 0x00, 0x00, 0x20, 0x00, 0x00, 0x00, 0x48, 0x00, 0x05, 0x00,
    0x11, 0x00, 0x00, 0x00, 0x03, 0x00, 0x00, 0x00, 0x23, 0x00, 0x00, 0x00, 0x30, 0x00, 0x00, 0x00,
    0x48, 0x00, 0x05, 0x00, 0x11, 0x00, 0x00, 0x00, 0x04, 0x00, 0x00, 0x00, 0x23, 0x00, 0x00, 0x00,
    0x40, 0x00, 0x00, 0x00, 0x48, 0x00, 0x05, 0x00, 0x11, 0x00, 0x00, 0x00, 0x05, 0x00, 0x00, 0x00,
    0x23, 0x00, 0x00, 0x00, 0x80, 0x00, 0x00, 0x00, 0x47, 0x00, 0x04, 0x00, 0x33, 0x00, 0x00, 0x00,
    0x06, 0x00, 0x00, 0x00, 0x90, 0x00, 0x00, 0x00, 0x47, 0x00, 0x03, 0x00, 0x12, 0x00, 0x00, 0x00,
    0x02, 0x00, 0x00, 0x00, 0x48, 0x00, 0x04, 0x00, 0x12, 0x00, 0x00, 0x00, 0x00, 0x00, 0x00, 0x00,
    0x18, 0x00, 0x00, 0x00, 0x48, 0x00, 0x05, 0x00, 0x12, 0x00, 0x00, 0x00, 0x00, 0x00, 0x00, 0x00,
    0x23, 0x00, 0x00, 0x00, 0x00, 0x00, 0x00, 0x00, 0x47, 0x00, 0x03, 0x00, 0x03, 0x00, 0x00, 0x00,
    0x18, 0x00, 0x00, 0x00, 0x47, 0x00, 0x04, 0x00, 0x03, 0x00, 0x00, 0x00, 0x21, 0x00, 0x00, 0x00,
    0x00, 0x00, 0x00, 0x00, 0x47, 0x00, 0x04, 0x00, 0x03, 0x00, 0x00, 0x00, 0x22, 0x00, 0x00, 0x00,
    0x00, 0x00, 0x00, 0x00, 0x47, 0x00, 0x04, 0x00, 0x04, 0x00, 0x00, 0x00, 0x0B, 0x00, 0x00, 0x00,
    0x2B, 0x00, 0x00, 0x00, 0x47, 0x00, 0x03, 0x00, 0x13, 0x00, 0x00, 0x00, 0x02, 0x00, 0x00, 0x00,
    0x48, 0x00, 0x05, 0x00, 0x13, 0x00, 0x00, 0x00, 0x00, 0x00, 0x00, 0x00, 0x23, 0x00, 0x00, 0x00,
    0x00, 0x00, 0x00, 0x00, 0x47, 0x00, 0x04, 0x00, 0x06, 0x00, 0x00, 0x00, 0x0B, 0x00, 0x00, 0x00,
    0x2A, 0x00, 0x00, 0x00, 0x47, 0x00, 0x03, 0x00, 0x15, 0x00, 0x00, 0x00, 0x18, 0x00, 0x00, 0x00,
    0x47, 0x00, 0x04, 0x00, 0x07, 0x00, 0x00, 0x00, 0x1E, 0x00, 0x00, 0x00, 0x00, 0x00, 0x00, 0x00,
    0x47, 0x00, 0x03, 0x00, 0x08, 0x00, 0x00, 0x00, 0x0E, 0x00, 0x00, 0x00, 0x47, 0x00, 0x04, 0x00,
    0x08, 0x00, 0x00, 0x00, 0x1E, 0x00, 0x00, 0x00, 0x01, 0x00, 0x00, 0x00, 0x47, 0x00, 0x03, 0x00,
    0x18, 0x00, 0x00, 0x00, 0x02, 0x00, 0x00, 0x00, 0x48, 0x00, 0x05, 0x00, 0x18, 0x00, 0x00, 0x00,
    0x00, 0x00, 0x00, 0x00, 0x0B, 0x00, 0x00, 0x00, 0x00, 0x00, 0x00, 0x00, 0x48, 0x00, 0x05, 0x00,
    0x18, 0x00, 0x00, 0x00, 0x01, 0x00, 0x00, 0x00, 0x0B, 0x00, 0x00, 0x00, 0x01, 0x00, 0x00, 0x00,
    0x48, 0x00, 0x05, 0x00, 0x18, 0x00, 0x00, 0x00, 0x02, 0x00, 0x00, 0x00, 0x0B, 0x00, 0x00, 0x00,
    0x03, 0x00, 0x00, 0x00, 0x48, 0x00, 0x05, 0x00, 0x18, 0x00, 0x00, 0x00, 0x03, 0x00, 0x00, 0x00,
    0x0B, 0x00, 0x00, 0x00, 0x04, 0x00, 0x00, 0x00, 0x47, 0x00, 0x03, 0x00, 0x0C, 0x00, 0x00, 0x00,
    0x18, 0x00, 0x00, 0x00, 0x47, 0x00, 0x04, 0x00, 0x0C, 0x00, 0x00, 0x00, 0x21, 0x00, 0x00, 0x00,
    0x00, 0x00, 0x00, 0x00, 0x47, 0x00, 0x04, 0x00, 0x0C, 0x00, 0x00, 0x00, 0x22, 0x00, 0x00, 0x00,
    0x00, 0x00, 0x00, 0x00, 0x47, 0x00, 0x03, 0x00, 0x0D, 0x00, 0x00, 0x00, 0x0E, 0x00, 0x00, 0x00,
    0x47, 0x00, 0x04, 0x00, 0x0D, 0x00, 0x00, 0x00, 0x1E, 0x00, 0x00, 0x00, 0x01, 0x00, 0x00, 0x00,
    0x47, 0x00, 0x04, 0x00, 0x0E, 0x00, 0x00, 0x00, 0x1E, 0x00, 0x00, 0x00, 0x00, 0x00, 0x00, 0x00,
    0x47, 0x00, 0x04, 0x00, 0x0F, 0x00, 0x00, 0x00, 0x1E, 0x00, 0x00, 0x00, 0x00, 0x00, 0x00, 0x00,
    0x13, 0x00, 0x02, 0x00, 0x34, 0x00, 0x00, 0x00, 0x21, 0x00, 0x03, 0x00, 0x35, 0x00, 0x00, 0x00,
    0x34, 0x00, 0x00, 0x00, 0x16, 0x00, 0x03, 0x00, 0x36, 0x00, 0x00, 0x00, 0x20, 0x00, 0x00, 0x00,
    0x17, 0x00, 0x04, 0x00, 0x37, 0x00, 0x00, 0x00, 0x36, 0x00, 0x00, 0x00, 0x04, 0x00, 0x00, 0x00,
    0x20, 0x00, 0x04, 0x00, 0x38, 0x00, 0x00, 0x00, 0x07, 0x00, 0x00, 0x00, 0x37, 0x00, 0x00, 0x00,
    0x15, 0x00, 0x04, 0x00, 0x39, 0x00, 0x00, 0x00, 0x20, 0x00, 0x00, 0x00, 0x00, 0x00, 0x00, 0x00,
    0x2B, 0x00, 0x04, 0x00, 0x39, 0x00, 0x00, 0x00, 0x3A, 0x00, 0x00, 0x00, 0x04, 0x00, 0x00, 0x00,
    0x1C, 0x00, 0x04, 0x00, 0x32, 0x00, 0x00, 0x00, 0x37, 0x00, 0x00, 0x00, 0x3A, 0x00, 0x00, 0x00,
    0x17, 0x00, 0x04, 0x00, 0x3B, 0x00, 0x00, 0x00, 0x39, 0x00, 0x00, 0x00, 0x04, 0x00, 0x00, 0x00,
    0x1E, 0x00, 0x08, 0x00, 0x11, 0x00, 0x00, 0x00, 0x37, 0x00, 0x00, 0x00, 0x37, 0x00, 0x00, 0x00,
    0x37, 0x00, 0x00, 0x00, 0x37, 0x00, 0x00, 0x00, 0x32, 0x00, 0x00, 0x00, 0x3B, 0x00, 0x00, 0x00,
    0x1D, 0x00, 0x03, 0x00, 0x33, 0x00, 0x00, 0x00, 0x11, 0x00, 0x00, 0x00, 0x1E, 0x00, 0x03, 0x00,
    0x12, 0x00, 0x00, 0x00, 0x33, 0x00, 0x00, 0x00, 0x20, 0x00, 0x04, 0x00, 0x3C, 0x00, 0x00, 0x00,
    0x0C, 0x00, 0x00, 0x00, 0x12, 0x00, 0x00, 0x00, 0x3B, 0x00, 0x04, 0x00, 0x3C, 0x00, 0x00, 0x00,
    0x03, 0x00, 0x00, 0x00, 0x0C, 0x00, 0x00, 0x00, 0x15, 0x00, 0x04, 0x00, 0x3D, 0x00, 0x00, 0x00,
    0x20, 0x00, 0x00, 0x00, 0x01, 0x00, 0x00, 0x00, 0x2B, 0x00, 0x04, 0x00, 0x3D, 0x00, 0x00, 0x00,
    0x3E, 0x00, 0x00, 0x00, 0x00, 0x00, 0x00, 0x00, 0x20, 0x00, 0x04, 0x00, 0x3F, 0x00, 0x00, 0x00,
    0x01, 0x00, 0x00, 0x00, 0x3D, 0x00, 0x00, 0x00, 0x3B, 0x00, 0x04, 0x00, 0x3F, 0x00, 0x00, 0x00,
    0x04, 0x00, 0x00, 0x00, 0x01, 0x00, 0x00, 0x00, 0x20, 0x00, 0x04, 0x00, 0x40, 0x00, 0x00, 0x00,
    0x0C, 0x00, 0x00, 0x00, 0x37, 0x00, 0x00, 0x00, 0x1E, 0x00, 0x03, 0x00, 0x13, 0x00, 0x00, 0x00,
    0x37, 0x00, 0x00, 0x00, 0x20, 0x00, 0x04, 0x00, 0x41, 0x00, 0x00, 0x00, 0x09, 0x00, 0x00, 0x00,
    0x13, 0x00, 0x00, 0x00, 0x3B, 0x00, 0x04, 0x00, 0x41, 0x00, 0x00, 0x00, 0x05, 0x00, 0x00, 0x00,
    0x09, 0x00, 0x00, 0x00, 0x2B, 0x00, 0x04, 0x00, 0x39, 0x00, 0x00, 0x00, 0x42, 0x00, 0x00, 0x00,
    0x02, 0x00, 0x00, 0x00, 0x20, 0x00, 0x04, 0x00, 0x43, 0x00, 0x00, 0x00, 0x09, 0x00, 0x00, 0x00,
    0x36, 0x00, 0x00, 0x00, 0x17, 0x00, 0x04, 0x00, 0x44, 0x00, 0x00, 0x00, 0x36, 0x00, 0x00, 0x00,
    0x02, 0x00, 0x00, 0x00, 0x20, 0x00, 0x04, 0x00, 0x45, 0x00, 0x00, 0x00, 0x07, 0x00, 0x00, 0x00,
    0x44, 0x00, 0x00, 0x00, 0x2B, 0x00, 0x04, 0x00, 0x39, 0x00, 0x00, 0x00, 0x46, 0x00, 0x00, 0x00,
    0x06, 0x00, 0x00, 0x00, 0x1C, 0x00, 0x04, 0x00, 0x47, 0x00, 0x00, 0x00, 0x44, 0x00, 0x00, 0x00,
    0x46, 0x00, 0x00, 0x00, 0x2B, 0x00, 0x04, 0x00, 0x36, 0x00, 0x00, 0x00, 0x48, 0x00, 0x00, 0x00,
    0x00, 0x00, 0x00, 0x00, 0x2C, 0x00, 0x05, 0x00, 0x44, 0x00, 0x00, 0x00, 0x49, 0x00, 0x00, 0x00,
    0x48, 0x00, 0x00, 0x00, 0x48, 0x00, 0x00, 0x00, 0x2B, 0x00, 0x04, 0x00, 0x36, 0x00, 0x00, 0x00,
    0x4A, 0x00, 0x00, 0x00, 0x00, 0x00, 0x80, 0x3F, 0x2C, 0x00, 0x05, 0x00, 0x44, 0x00, 0x00, 0x00,
    0x4B, 0x00, 0x00, 0x00, 0x4A, 0x00, 0x00, 0x00, 0x48, 0x00, 0x00, 0x00, 0x2C, 0x00, 0x05, 0x00,
    0x44, 0x00, 0x00, 0x00, 0x4C, 0x00, 0x00, 0x00, 0x48, 0x00, 0x00, 0x00, 0x4A, 0x00, 0x00, 0x00,
    0x2C, 0x00, 0x05, 0x00, 0x44, 0x00, 0x00, 0x00, 0x4D, 0x00, 0x00, 0x00, 0x4A, 0x00, 0x00, 0x00,
    0x4A, 0x00, 0x00, 0x00, 0x2C, 0x00, 0x09, 0x00, 0x47, 0x00, 0x00, 0x00, 0x4E, 0x00, 0x00, 0x00,
    0x49, 0x00, 0x00, 0x00, 0x4B, 0x00, 0x00, 0x00, 0x4C, 0x00, 0x00, 0x00, 0x4C, 0x00, 0x00, 0x00,
    0x4B, 0x00, 0x00, 0x00, 0x4D, 0x00, 0x00, 0x00, 0x3B, 0x00, 0x04, 0x00, 0x3F, 0x00, 0x00, 0x00,
    0x06, 0x00, 0x00, 0x00, 0x01, 0x00, 0x00, 0x00, 0x20, 0x00, 0x04, 0x00, 0x4F, 0x00, 0x00, 0x00,
    0x07, 0x00, 0x00, 0x00, 0x47, 0x00, 0x00, 0x00, 0x2B, 0x00, 0x04, 0x00, 0x36, 0x00, 0x00, 0x00,
    0x50, 0x00, 0x00, 0x00, 0x00, 0x00, 0x00, 0x40, 0x20, 0x00, 0x04, 0x00, 0x51, 0x00, 0x00, 0x00,
    0x03, 0x00, 0x00, 0x00, 0x44, 0x00, 0x00, 0x00, 0x3B, 0x00, 0x04, 0x00, 0x51, 0x00, 0x00, 0x00,
    0x07, 0x00, 0x00, 0x00, 0x03, 0x00, 0x00, 0x00, 0x20, 0x00, 0x04, 0x00, 0x52, 0x00, 0x00, 0x00,
    0x03, 0x00, 0x00, 0x00, 0x39, 0x00, 0x00, 0x00, 0x3B, 0x00, 0x04, 0x00, 0x52, 0x00, 0x00, 0x00,
    0x08, 0x00, 0x00, 0x00, 0x03, 0x00, 0x00, 0x00, 0x2B, 0x00, 0x04, 0x00, 0x39, 0x00, 0x00, 0x00,
    0x53, 0x00, 0x00, 0x00, 0x01, 0x00, 0x00, 0x00, 0x1C, 0x00, 0x04, 0x00, 0x54, 0x00, 0x00, 0x00,
    0x36, 0x00, 0x00, 0x00, 0x53, 0x00, 0x00, 0x00, 0x1E, 0x00, 0x06, 0x00, 0x18, 0x00, 0x00, 0x00,
    0x37, 0x00, 0x00, 0x00, 0x36, 0x00, 0x00, 0x00, 0x54, 0x00, 0x00, 0x00, 0x54, 0x00, 0x00, 0x00,
    0x20, 0x00, 0x04, 0x00, 0x55, 0x00, 0x00, 0x00, 0x03, 0x00, 0x00, 0x00, 0x18, 0x00, 0x00, 0x00,
    0x3B, 0x00, 0x04, 0x00, 0x55, 0x00, 0x00, 0x00, 0x09, 0x00, 0x00, 0x00, 0x03, 0x00, 0x00, 0x00,
    0x2B, 0x00, 0x04, 0x00, 0x39, 0x00, 0x00, 0x00, 0x56, 0x00, 0x00, 0x00, 0x00, 0x00, 0x00, 0x00,
    0x20, 0x00, 0x04, 0x00, 0x57, 0x00, 0x00, 0x00, 0x07, 0x00, 0x00, 0x00, 0x36, 0x00, 0x00, 0x00,
    0x20, 0x00, 0x04, 0x00, 0x58, 0x00, 0x00, 0x00, 0x03, 0x00, 0x00, 0x00, 0x37, 0x00, 0x00, 0x00,
    0x21, 0x00, 0x06, 0x00, 0x59, 0x00, 0x00, 0x00, 0x36, 0x00, 0x00, 0x00, 0x45, 0x00, 0x00, 0x00,
    0x45, 0x00, 0x00, 0x00, 0x38, 0x00, 0x00, 0x00, 0x2B, 0x00, 0x04, 0x00, 0x39, 0x00, 0x00, 0x00,
    0x5A, 0x00, 0x00, 0x00, 0x00, 0x00, 0x00, 0x00, 0x2B, 0x00, 0x04, 0x00, 0x36, 0x00, 0x00, 0x00,
    0x5B, 0x00, 0x00, 0x00, 0x00, 0x00, 0x00, 0x00, 0x14, 0x00, 0x02, 0x00, 0x5C, 0x00, 0x00, 0x00,
    0x2B, 0x00, 0x04, 0x00, 0x39, 0x00, 0x00, 0x00, 0x5D, 0x00, 0x00, 0x00, 0x01, 0x00, 0x00, 0x00,
    0x2B, 0x00, 0x04, 0x00, 0x39, 0x00, 0x00, 0x00, 0x5E, 0x00, 0x00, 0x00, 0x03, 0x00, 0x00, 0x00,
    0x2B, 0x00, 0x04, 0x00, 0x39, 0x00, 0x00, 0x00, 0x5F, 0x00, 0x00, 0x00, 0x02, 0x00, 0x00, 0x00,
    0x3B, 0x00, 0x04, 0x00, 0x41, 0x00, 0x00, 0x00, 0x0B, 0x00, 0x00, 0x00, 0x09, 0x00, 0x00, 0x00,
    0x2B, 0x00, 0x04, 0x00, 0x3D, 0x00, 0x00, 0x00, 0x60, 0x00, 0x00, 0x00, 0x00, 0x00, 0x00, 0x00,
    0x2B, 0x00, 0x04, 0x00, 0x39, 0x00, 0x00, 0x00, 0x61, 0x00, 0x00, 0x00, 0x04, 0x00, 0x00, 0x00,
    0x3B, 0x00, 0x04, 0x00, 0x3C, 0x00, 0x00, 0x00, 0x0C, 0x00, 0x00, 0x00, 0x0C, 0x00, 0x00, 0x00,
    0x20, 0x00, 0x04, 0x00, 0x62, 0x00, 0x00, 0x00, 0x01, 0x00, 0x00, 0x00, 0x39, 0x00, 0x00, 0x00,
    0x3B, 0x00, 0x04, 0x00, 0x62, 0x00, 0x00, 0x00, 0x0D, 0x00, 0x00, 0x00, 0x01, 0x00, 0x00, 0x00,
    0x2B, 0x00, 0x04, 0x00, 0x3D, 0x00, 0x00, 0x00, 0x63, 0x00, 0x00, 0x00, 0x01, 0x00, 0x00, 0x00,
    0x2B, 0x00, 0x04, 0x00, 0x3D, 0x00, 0x00, 0x00, 0x64, 0x00, 0x00, 0x00, 0x03, 0x00, 0x00, 0x00,
    0x20, 0x00, 0x04, 0x00, 0x65, 0x00, 0x00, 0x00, 0x01, 0x00, 0x00, 0x00, 0x44, 0x00, 0x00, 0x00,
    0x3B, 0x00, 0x04, 0x00, 0x65, 0x00, 0x00, 0x00, 0x0E, 0x00, 0x00, 0x00, 0x01, 0x00, 0x00, 0x00,
    0x2B, 0x00, 0x04, 0x00, 0x36, 0x00, 0x00, 0x00, 0x66, 0x00, 0x00, 0x00, 0x00, 0x00, 0x00, 0x3F,
    0x2B, 0x00, 0x04, 0x00, 0x36, 0x00, 0x00, 0x00, 0x67, 0x00, 0x00, 0x00, 0x00, 0x00, 0x80, 0x3F,
    0x20, 0x00, 0x04, 0x00, 0x68, 0x00, 0x00, 0x00, 0x01, 0x00, 0x00, 0x00, 0x36, 0x00, 0x00, 0x00,
    0x2B, 0x00, 0x04, 0x00, 0x36, 0x00, 0x00, 0x00, 0x69, 0x00, 0x00, 0x00, 0x17, 0xB7, 0xD1, 0x38,
    0x20, 0x00, 0x04, 0x00, 0x6A, 0x00, 0x00, 0x00, 0x07, 0x00, 0x00, 0x00, 0x3D, 0x00, 0x00, 0x00,
    0x2B, 0x00, 0x04, 0x00, 0x3D, 0x00, 0x00, 0x00, 0x6B, 0x00, 0x00, 0x00, 0x02, 0x00, 0x00, 0x00,
    0x3B, 0x00, 0x04, 0x00, 0x58, 0x00, 0x00, 0x00, 0x0F, 0x00, 0x00, 0x00, 0x03, 0x00, 0x00, 0x00,
    0x2B, 0x00, 0x04, 0x00, 0x3D, 0x00, 0x00, 0x00, 0x6C, 0x00, 0x00, 0x00, 0x04, 0x00, 0x00, 0x00,
    0x36, 0x00, 0x05, 0x00, 0x34, 0x00, 0x00, 0x00, 0x02, 0x00, 0x00, 0x00, 0x00, 0x00, 0x00, 0x00,
    0x35, 0x00, 0x00, 0x00, 0xF8, 0x00, 0x02, 0x00, 0x6D, 0x00, 0x00, 0x00, 0x3B, 0x00, 0x04, 0x00,
    0x38, 0x00, 0x00, 0x00, 0x10, 0x00, 0x00, 0x00, 0x07, 0x00, 0x00, 0x00, 0x3B, 0x00, 0x04, 0x00,
    0x45, 0x00, 0x00, 0x00, 0x14, 0x00, 0x00, 0x00, 0x07, 0x00, 0x00, 0x00, 0x3B, 0x00, 0x05, 0x00,
    0x4F, 0x00, 0x00, 0x00, 0x15, 0x00, 0x00, 0x00, 0x07, 0x00, 0x00, 0x00, 0x4E, 0x00, 0x00, 0x00,
    0x3B, 0x00, 0x04, 0x00, 0x45, 0x00, 0x00, 0x00, 0x16, 0x00, 0x00, 0x00, 0x07, 0x00, 0x00, 0x00,
    0x3B, 0x00, 0x04, 0x00, 0x45, 0x00, 0x00, 0x00, 0x17, 0x00, 0x00, 0x00, 0x07, 0x00, 0x00, 0x00,
    0x3D, 0x00, 0x04, 0x00, 0x3D, 0x00, 0x00, 0x00, 0x6E, 0x00, 0x00, 0x00, 0x04, 0x00, 0x00, 0x00,
    0x41, 0x00, 0x07, 0x00, 0x40, 0x00, 0x00, 0x00, 0x6F, 0x00, 0x00, 0x00, 0x03, 0x00, 0x00, 0x00,
    0x3E, 0x00, 0x00, 0x00, 0x6E, 0x00, 0x00, 0x00, 0x3E, 0x00, 0x00, 0x00, 0x3D, 0x00, 0x04, 0x00,
    0x37, 0x00, 0x00, 0x00, 0x70, 0x00, 0x00, 0x00, 0x6F, 0x00, 0x00, 0x00, 0x41, 0x00, 0x06, 0x00,
    0x43, 0x00, 0x00, 0x00, 0x71, 0x00, 0x00, 0x00, 0x05, 0x00, 0x00, 0x00, 0x3E, 0x00, 0x00, 0x00,
    0x42, 0x00, 0x00, 0x00, 0x3D, 0x00, 0x04, 0x00, 0x36, 0x00, 0x00, 0x00, 0x72, 0x00, 0x00, 0x00,
    0x71, 0x00, 0x00, 0x00, 0x8E, 0x00, 0x05, 0x00, 0x37, 0x00, 0x00, 0x00, 0x73, 0x00, 0x00, 0x00,
    0x70, 0x00, 0x00, 0x00, 0x72, 0x00, 0x00, 0x00, 0x3E, 0x00, 0x03, 0x00, 0x10, 0x00, 0x00, 0x00,
    0x73, 0x00, 0x00, 0x00, 0x3D, 0x00, 0x04, 0x00, 0x3D, 0x00, 0x00, 0x00, 0x74, 0x00, 0x00, 0x00,
    0x06, 0x00, 0x00, 0x00, 0x41, 0x00, 0x05, 0x00, 0x45, 0x00, 0x00, 0x00, 0x75, 0x00, 0x00, 0x00,
    0x15, 0x00, 0x00, 0x00, 0x74, 0x00, 0x00, 0x00, 0x3D, 0x00, 0x04, 0x00, 0x44, 0x00, 0x00, 0x00,
    0x76, 0x00, 0x00, 0x00, 0x75, 0x00, 0x00, 0x00, 0x3E, 0x00, 0x03, 0x00, 0x14, 0x00, 0x00, 0x00,
    0x76, 0x00, 0x00, 0x00, 0x3D, 0x00, 0x04, 0x00, 0x44, 0x00, 0x00, 0x00, 0x77, 0x00, 0x00, 0x00,
    0x14, 0x00, 0x00, 0x00, 0x3D, 0x00, 0x04, 0x00, 0x37, 0x00, 0x00, 0x00, 0x78, 0x00, 0x00, 0x00,
    0x10, 0x00, 0x00, 0x00, 0x4F, 0x00, 0x07, 0x00, 0x44, 0x00, 0x00, 0x00, 0x79, 0x00, 0x00, 0x00,
    0x78, 0x00, 0x00, 0x00, 0x78, 0x00, 0x00, 0x00, 0x02, 0x00, 0x00, 0x00, 0x03, 0x00, 0x00, 0x00,
    0x85, 0x00, 0x05, 0x00, 0x44, 0x00, 0x00, 0x00, 0x7A, 0x00, 0x00, 0x00, 0x77, 0x00, 0x00, 0x00,
    0x79, 0x00, 0x00, 0x00, 0x3D, 0x00, 0x04, 0x00, 0x44, 0x00, 0x00, 0x00, 0x7B, 0x00, 0x00, 0x00,
    0x14, 0x00, 0x00, 0x00, 0x8E, 0x00, 0x05, 0x00, 0x44, 0x00, 0x00, 0x00, 0x7C, 0x00, 0x00, 0x00,
    0x7B, 0x00, 0x00, 0x00, 0x50, 0x00, 0x00, 0x00, 0x50, 0x00, 0x05, 0x00, 0x44, 0x00, 0x00, 0x00,
    0x7D, 0x00, 0x00, 0x00, 0x4A, 0x00, 0x00, 0x00, 0x4A, 0x00, 0x00, 0x00, 0x83, 0x00, 0x05, 0x00,
    0x44, 0x00, 0x00, 0x00, 0x7E, 0x00, 0x00, 0x00, 0x7C, 0x00, 0x00, 0x00, 0x7D, 0x00, 0x00, 0x00,
    0x81, 0x00, 0x05, 0x00, 0x44, 0x00, 0x00, 0x00, 0x7F, 0x00, 0x00, 0x00, 0x7A, 0x00, 0x00, 0x00,
    0x7E, 0x00, 0x00, 0x00, 0x3E, 0x00, 0x03, 0x00, 0x16, 0x00, 0x00, 0x00, 0x7F, 0x00, 0x00, 0x00,
    0x3D, 0x00, 0x04, 0x00, 0x37, 0x00, 0x00, 0x00, 0x80, 0x00, 0x00, 0x00, 0x10, 0x00, 0x00, 0x00,
    0x4F, 0x00, 0x07, 0x00, 0x44, 0x00, 0x00, 0x00, 0x81, 0x00, 0x00, 0x00, 0x80, 0x00, 0x00, 0x00,
    0x80, 0x00, 0x00, 0x00, 0x00, 0x00, 0x00, 0x00, 0x01, 0x00, 0x00, 0x00, 0x3D, 0x00, 0x04, 0x00,
    0x44, 0x00, 0x00, 0x00, 0x82, 0x00, 0x00, 0x00, 0x16, 0x00, 0x00, 0x00, 0x81, 0x00, 0x05, 0x00,
    0x44, 0x00, 0x00, 0x00, 0x83, 0x00, 0x00, 0x00, 0x81, 0x00, 0x00, 0x00, 0x82, 0x00, 0x00, 0x00,
    0x3E, 0x00, 0x03, 0x00, 0x17, 0x00, 0x00, 0x00, 0x83, 0x00, 0x00, 0x00, 0x3D, 0x00, 0x04, 0x00,
    0x44, 0x00, 0x00, 0x00, 0x84, 0x00, 0x00, 0x00, 0x16, 0x00, 0x00, 0x00, 0x3E, 0x00, 0x03, 0x00,
    0x07, 0x00, 0x00, 0x00, 0x84, 0x00, 0x00, 0x00, 0x3D, 0x00, 0x04, 0x00, 0x3D, 0x00, 0x00, 0x00,
    0x85, 0x00, 0x00, 0x00, 0x04, 0x00, 0x00, 0x00, 0x7C, 0x00, 0x04, 0x00, 0x39, 0x00, 0x00, 0x00,
    0x86, 0x00, 0x00, 0x00, 0x85, 0x00, 0x00, 0x00, 0x3E, 0x00, 0x03, 0x00, 0x08, 0x00, 0x00, 0x00,
    0x86, 0x00, 0x00, 0x00, 0x41, 0x00, 0x05, 0x00, 0x57, 0x00, 0x00, 0x00, 0x87, 0x00, 0x00, 0x00,
    0x17, 0x00, 0x00, 0x00, 0x56, 0x00, 0x00, 0x00, 0x3D, 0x00, 0x04, 0x00, 0x36, 0x00, 0x00, 0x00,
    0x88, 0x00, 0x00, 0x00, 0x87, 0x00, 0x00, 0x00, 0x41, 0x00, 0x06, 0x00, 0x43, 0x00, 0x00, 0x00,
    0x89, 0x00, 0x00, 0x00, 0x05, 0x00, 0x00, 0x00, 0x3E, 0x00, 0x00, 0x00, 0x56, 0x00, 0x00, 0x00,
    0x3D, 0x00, 0x04, 0x00, 0x36, 0x00, 0x00, 0x00, 0x8A, 0x00, 0x00, 0x00, 0x89, 0x00, 0x00, 0x00,
    0x85, 0x00, 0x05, 0x00, 0x36, 0x00, 0x00, 0x00, 0x8B, 0x00, 0x00, 0x00, 0x88, 0x00, 0x00, 0x00,
    0x8A, 0x00, 0x00, 0x00, 0x83, 0x00, 0x05, 0x00, 0x36, 0x00, 0x00, 0x00, 0x8C, 0x00, 0x00, 0x00,
    0x8B, 0x00, 0x00, 0x00, 0x4A, 0x00, 0x00, 0x00, 0x41, 0x00, 0x05, 0x00, 0x57, 0x00, 0x00, 0x00,
    0x8D, 0x00, 0x00, 0x00, 0x17, 0x00, 0x00, 0x00, 0x53, 0x00, 0x00, 0x00, 0x3D, 0x00, 0x04, 0x00,
    0x36, 0x00, 0x00, 0x00, 0x8E, 0x00, 0x00, 0x00, 0x8D, 0x00, 0x00, 0x00, 0x41, 0x00, 0x06, 0x00,
    0x43, 0x00, 0x00, 0x00, 0x8F, 0x00, 0x00, 0x00, 0x05, 0x00, 0x00, 0x00, 0x3E, 0x00, 0x00, 0x00,
    0x53, 0x00, 0x00, 0x00, 0x3D, 0x00, 0x04, 0x00, 0x36, 0x00, 0x00, 0x00, 0x90, 0x00, 0x00, 0x00,
    0x8F, 0x00, 0x00, 0x00, 0x85, 0x00, 0x05, 0x00, 0x36, 0x00, 0x00, 0x00, 0x91, 0x00, 0x00, 0x00,
    0x8E, 0x00, 0x00, 0x00, 0x90, 0x00, 0x00, 0x00, 0x83, 0x00, 0x05, 0x00, 0x36, 0x00, 0x00, 0x00,
    0x92, 0x00, 0x00, 0x00, 0x4A, 0x00, 0x00, 0x00, 0x91, 0x00, 0x00, 0x00, 0x50, 0x00, 0x07, 0x00,
    0x37, 0x00, 0x00, 0x00, 0x93, 0x00, 0x00, 0x00, 0x8C, 0x00, 0x00, 0x00, 0x92, 0x00, 0x00, 0x00,
    0x48, 0x00, 0x00, 0x00, 0x4A, 0x00, 0x00, 0x00, 0x41, 0x00, 0x05, 0x00, 0x58, 0x00, 0x00, 0x00,
    0x94, 0x00, 0x00, 0x00, 0x09, 0x00, 0x00, 0x00, 0x3E, 0x00, 0x00, 0x00, 0x3E, 0x00, 0x03, 0x00,
    0x94, 0x00, 0x00, 0x00, 0x93, 0x00, 0x00, 0x00, 0xFD, 0x00, 0x01, 0x00, 0x38, 0x00, 0x01, 0x00,
    0x36, 0x00, 0x05, 0x00, 0x34, 0x00, 0x00, 0x00, 0x0A, 0x00, 0x00, 0x00, 0x00, 0x00, 0x00, 0x00,
    0x35, 0x00, 0x00, 0x00, 0xF8, 0x00, 0x02, 0x00, 0x95, 0x00, 0x00, 0x00, 0x3B, 0x00, 0x04, 0x00,
    0x57, 0x00, 0x00, 0x00, 0x1F, 0x00, 0x00, 0x00, 0x07, 0x00, 0x00, 0x00, 0x3B, 0x00, 0x04, 0x00,
    0x45, 0x00, 0x00, 0x00, 0x20, 0x00, 0x00, 0x00, 0x07, 0x00, 0x00, 0x00, 0x3B, 0x00, 0x04, 0x00,
    0x38, 0x00, 0x00, 0x00, 0x21, 0x00, 0x00, 0x00, 0x07, 0x00, 0x00, 0x00, 0x3B, 0x00, 0x04, 0x00,
    0x38, 0x00, 0x00, 0x00, 0x22, 0x00, 0x00, 0x00, 0x07, 0x00, 0x00, 0x00, 0x3B, 0x00, 0x04, 0x00,
    0x57, 0x00, 0x00, 0x00, 0x23, 0x00, 0x00, 0x00, 0x07, 0x00, 0x00, 0x00, 0x3B, 0x00, 0x04, 0x00,
    0x45, 0x00, 0x00, 0x00, 0x24, 0x00, 0x00, 0x00, 0x07, 0x00, 0x00, 0x00, 0x3B, 0x00, 0x04, 0x00,
    0x45, 0x00, 0x00, 0x00, 0x25, 0x00, 0x00, 0x00, 0x07, 0x00, 0x00, 0x00, 0x3B, 0x00, 0x04, 0x00,
    0x38, 0x00, 0x00, 0x00, 0x26, 0x00, 0x00, 0x00, 0x07, 0x00, 0x00, 0x00, 0x3B, 0x00, 0x04, 0x00,
    0x45, 0x00, 0x00, 0x00, 0x27, 0x00, 0x00, 0x00, 0x07, 0x00, 0x00, 0x00, 0x3B, 0x00, 0x04, 0x00,
    0x45, 0x00, 0x00, 0x00, 0x28, 0x00, 0x00, 0x00, 0x07, 0x00, 0x00, 0x00, 0x3B, 0x00, 0x04, 0x00,
    0x38, 0x00, 0x00, 0x00, 0x29, 0x00, 0x00, 0x00, 0x07, 0x00, 0x00, 0x00, 0x3B, 0x00, 0x04, 0x00,
    0x57, 0x00, 0x00, 0x00, 0x2A, 0x00, 0x00, 0x00, 0x07, 0x00, 0x00, 0x00, 0x3B, 0x00, 0x04, 0x00,
    0x45, 0x00, 0x00, 0x00, 0x2B, 0x00, 0x00, 0x00, 0x07, 0x00, 0x00, 0x00, 0x3B, 0x00, 0x04, 0x00,
    0x45, 0x00, 0x00, 0x00, 0x2C, 0x00, 0x00, 0x00, 0x07, 0x00, 0x00, 0x00, 0x3B, 0x00, 0x04, 0x00,
    0x38, 0x00, 0x00, 0x00, 0x2D, 0x00, 0x00, 0x00, 0x07, 0x00, 0x00, 0x00, 0x3B, 0x00, 0x04, 0x00,
    0x57, 0x00, 0x00, 0x00, 0x2E, 0x00, 0x00, 0x00, 0x07, 0x00, 0x00, 0x00, 0x3B, 0x00, 0x04, 0x00,
    0x57, 0x00, 0x00, 0x00, 0x2F, 0x00, 0x00, 0x00, 0x07, 0x00, 0x00, 0x00, 0x3B, 0x00, 0x04, 0x00,
    0x38, 0x00, 0x00, 0x00, 0x30, 0x00, 0x00, 0x00, 0x07, 0x00, 0x00, 0x00, 0x3B, 0x00, 0x04, 0x00,
    0x6A, 0x00, 0x00, 0x00, 0x31, 0x00, 0x00, 0x00, 0x07, 0x00, 0x00, 0x00, 0x41, 0x00, 0x06, 0x00,
    0x43, 0x00, 0x00, 0x00, 0x96, 0x00, 0x00, 0x00, 0x0B, 0x00, 0x00, 0x00, 0x60, 0x00, 0x00, 0x00,
    0x5F, 0x00, 0x00, 0x00, 0x3D, 0x00, 0x04, 0x00, 0x36, 0x00, 0x00, 0x00, 0x97, 0x00, 0x00, 0x00,
    0x96, 0x00, 0x00, 0x00, 0x3E, 0x00, 0x03, 0x00, 0x1F, 0x00, 0x00, 0x00, 0x97, 0x00, 0x00, 0x00,
    0x3D, 0x00, 0x04, 0x00, 0x39, 0x00, 0x00, 0x00, 0x98, 0x00, 0x00, 0x00, 0x0D, 0x00, 0x00, 0x00,
    0x41, 0x00, 0x07, 0x00, 0x40, 0x00, 0x00, 0x00, 0x99, 0x00, 0x00, 0x00, 0x0C, 0x00, 0x00, 0x00,
    0x60, 0x00, 0x00, 0x00, 0x98, 0x00, 0x00, 0x00, 0x60, 0x00, 0x00, 0x00, 0x3D, 0x00, 0x04, 0x00,
    0x37, 0x00, 0x00, 0x00, 0x9A, 0x00, 0x00, 0x00, 0x99, 0x00, 0x00, 0x00, 0x4F, 0x00, 0x07, 0x00,
    0x44, 0x00, 0x00, 0x00, 0x9B, 0x00, 0x00, 0x00, 0x9A, 0x00, 0x00, 0x00, 0x9A, 0x00, 0x00, 0x00,
    0x02, 0x00, 0x00, 0x00, 0x03, 0x00, 0x00, 0x00, 0x3D, 0x00, 0x04, 0x00, 0x36, 0x00, 0x00, 0x00,
    0x9C, 0x00, 0x00, 0x00, 0x1F, 0x00, 0x00, 0x00, 0x8E, 0x00, 0x05, 0x00, 0x44, 0x00, 0x00, 0x00,
    0x9D, 0x00, 0x00, 0x00, 0x9B, 0x00, 0x00, 0x00, 0x9C, 0x00, 0x00, 0x00, 0x3E, 0x00, 0x03, 0x00,
    0x20, 0x00, 0x00, 0x00, 0x9D, 0x00, 0x00, 0x00, 0x3D, 0x00, 0x04, 0x00, 0x39, 0x00, 0x00, 0x00,
    0x9E, 0x00, 0x00, 0x00, 0x0D, 0x00, 0x00, 0x00, 0x41, 0x00, 0x07, 0x00, 0x40, 0x00, 0x00, 0x00,
    0x9F, 0x00, 0x00, 0x00, 0x0C, 0x00, 0x00, 0x00, 0x60, 0x00, 0x00, 0x00, 0x9E, 0x00, 0x00, 0x00,
    0x63, 0x00, 0x00, 0x00, 0x3D, 0x00, 0x04, 0x00, 0x37, 0x00, 0x00, 0x00, 0xA0, 0x00, 0x00, 0x00,
    0x9F, 0x00, 0x00, 0x00, 0x3D, 0x00, 0x04, 0x00, 0x36, 0x00, 0x00, 0x00, 0xA1, 0x00, 0x00, 0x00,
    0x1F, 0x00, 0x00, 0x00, 0x8E, 0x00, 0x05, 0x00, 0x37, 0x00, 0x00, 0x00, 0xA2, 0x00, 0x00, 0x00,
    0xA0, 0x00, 0x00, 0x00, 0xA1, 0x00, 0x00, 0x00, 0x3E, 0x00, 0x03, 0x00, 0x21, 0x00, 0x00, 0x00,
    0xA2, 0x00, 0x00, 0x00, 0x3D, 0x00, 0x04, 0x00, 0x39, 0x00, 0x00, 0x00, 0xA3, 0x00, 0x00, 0x00,
    0x0D, 0x00, 0x00, 0x00, 0x41, 0x00, 0x07, 0x00, 0x40, 0x00, 0x00, 0x00, 0xA4, 0x00, 0x00, 0x00,
    0x0C, 0x00, 0x00, 0x00, 0x60, 0x00, 0x00, 0x00, 0xA3, 0x00, 0x00, 0x00, 0x64, 0x00, 0x00, 0x00,
    0x3D, 0x00, 0x04, 0x00, 0x37, 0x00, 0x00, 0x00, 0xA5, 0x00, 0x00, 0x00, 0xA4, 0x00, 0x00, 0x00,
    0x3D, 0x00, 0x04, 0x00, 0x36, 0x00, 0x00, 0x00, 0xA6, 0x00, 0x00, 0x00, 0x1F, 0x00, 0x00, 0x00,
    0x8E, 0x00, 0x05, 0x00, 0x37, 0x00, 0x00, 0x00, 0xA7, 0x00, 0x00, 0x00, 0xA5, 0x00, 0x00, 0x00,
    0xA6, 0x00, 0x00, 0x00, 0x3E, 0x00, 0x03, 0x00, 0x22, 0x00, 0x00, 0x00, 0xA7, 0x00, 0x00, 0x00,
    0x3D, 0x00, 0x04, 0x00, 0x44, 0x00, 0x00, 0x00, 0xA8, 0x00, 0x00, 0x00, 0x0E, 0x00, 0x00, 0x00,
    0x3D, 0x00, 0x04, 0x00, 0x44, 0x00, 0x00, 0x00, 0xA9, 0x00, 0x00, 0x00, 0x20, 0x00, 0x00, 0x00,
    0x8E, 0x00, 0x05, 0x00, 0x44, 0x00, 0x00, 0x00, 0xAA, 0x00, 0x00, 0x00, 0xA9, 0x00, 0x00, 0x00,
    0x66, 0x00, 0x00, 0x00, 0x83, 0x00, 0x05, 0x00, 0x44, 0x00, 0x00, 0x00, 0xAB, 0x00, 0x00, 0x00,
    0xA8, 0x00, 0x00, 0x00, 0xAA, 0x00, 0x00, 0x00, 0x3D, 0x00, 0x04, 0x00, 0x44, 0x00, 0x00, 0x00,
    0xAC, 0x00, 0x00, 0x00, 0x20, 0x00, 0x00, 0x00, 0x8E, 0x00, 0x05, 0x00, 0x44, 0x00, 0x00, 0x00,
    0xAD, 0x00, 0x00, 0x00, 0xAC, 0x00, 0x00, 0x00, 0x66, 0x00, 0x00, 0x00, 0x3E, 0x00, 0x03, 0x00,
    0x24, 0x00, 0x00, 0x00, 0xAB, 0x00, 0x00, 0x00, 0x3E, 0x00, 0x03, 0x00, 0x25, 0x00, 0x00, 0x00,
    0xAD, 0x00, 0x00, 0x00, 0x3D, 0x00, 0x04, 0x00, 0x37, 0x00, 0x00, 0x00, 0xAE, 0x00, 0x00, 0x00,
    0x21, 0x00, 0x00, 0x00, 0x3E, 0x00, 0x03, 0x00, 0x26, 0x00, 0x00, 0x00, 0xAE, 0x00, 0x00, 0x00,
    0x39, 0x00, 0x07, 0x00, 0x36, 0x00, 0x00, 0x00, 0xAF, 0x00, 0x00, 0x00, 0x19, 0x00, 0x00, 0x00,
    0x24, 0x00, 0x00, 0x00, 0x25, 0x00, 0x00, 0x00, 0x26, 0x00, 0x00, 0x00, 0x3E, 0x00, 0x03, 0x00,
    0x23, 0x00, 0x00, 0x00, 0xAF, 0x00, 0x00, 0x00, 0x41, 0x00, 0x05, 0x00, 0x57, 0x00, 0x00, 0x00,
    0xB0, 0x00, 0x00, 0x00, 0x22, 0x00, 0x00, 0x00, 0x5E, 0x00, 0x00, 0x00, 0x3D, 0x00, 0x04, 0x00,
    0x36, 0x00, 0x00, 0x00, 0xB1, 0x00, 0x00, 0x00, 0xB0, 0x00, 0x00, 0x00, 0x41, 0x00, 0x05, 0x00,
    0x57, 0x00, 0x00, 0x00, 0xB2, 0x00, 0x00, 0x00, 0x22, 0x00, 0x00, 0x00, 0x5A, 0x00, 0x00, 0x00,
    0x3D, 0x00, 0x04, 0x00, 0x36, 0x00, 0x00, 0x00, 0xB3, 0x00, 0x00, 0x00, 0xB2, 0x00, 0x00, 0x00,
    0x50, 0x00, 0x05, 0x00, 0x44, 0x00, 0x00, 0x00, 0xB4, 0x00, 0x00, 0x00, 0xB1, 0x00, 0x00, 0x00,
    0xB3, 0x00, 0x00, 0x00, 0x3E, 0x00, 0x03, 0x00, 0x27, 0x00, 0x00, 0x00, 0xB4, 0x00, 0x00, 0x00,
    0x3D, 0x00, 0x04, 0x00, 0x44, 0x00, 0x00, 0x00, 0xB5, 0x00, 0x00, 0x00, 0x20, 0x00, 0x00, 0x00,
    0x41, 0x00, 0x05, 0x00, 0x57, 0x00, 0x00, 0x00, 0xB6, 0x00, 0x00, 0x00, 0x22, 0x00, 0x00, 0x00,
    0x5D, 0x00, 0x00, 0x00, 0x3D, 0x00, 0x04, 0x00, 0x36, 0x00, 0x00, 0x00, 0xB7, 0x00, 0x00, 0x00,
    0xB6, 0x00, 0x00, 0x00, 0x41, 0x00, 0x05, 0x00, 0x57, 0x00, 0x00, 0x00, 0xB8, 0x00, 0x00, 0x00,
    0x22, 0x00, 0x00, 0x00, 0x5F, 0x00, 0x00, 0x00, 0x3D, 0x00, 0x04, 0x00, 0x36, 0x00, 0x00, 0x00,
    0xB9, 0x00, 0x00, 0x00, 0xB8, 0x00, 0x00, 0x00, 0x50, 0x00, 0x05, 0x00, 0x44, 0x00, 0x00, 0x00,
    0xBA, 0x00, 0x00, 0x00, 0xB7, 0x00, 0x00, 0x00, 0xB9, 0x00, 0x00, 0x00, 0x83, 0x00, 0x05, 0x00,
    0x44, 0x00, 0x00, 0x00, 0xBB, 0x00, 0x00, 0x00, 0xB5, 0x00, 0x00, 0x00, 0xBA, 0x00, 0x00, 0x00,
    0x3D, 0x00, 0x04, 0x00, 0x44, 0x00, 0x00, 0x00, 0xBC, 0x00, 0x00, 0x00, 0x27, 0x00, 0x00, 0x00,
    0x0C, 0x00, 0x07, 0x00, 0x44, 0x00, 0x00, 0x00, 0xBD, 0x00, 0x00, 0x00, 0x01, 0x00, 0x00, 0x00,
    0x28, 0x00, 0x00, 0x00, 0xBB, 0x00, 0x00, 0x00, 0xBC, 0x00, 0x00, 0x00, 0x3E, 0x00, 0x03, 0x00,
    0x28, 0x00, 0x00, 0x00, 0xBD, 0x00, 0x00, 0x00, 0x3D, 0x00, 0x04, 0x00, 0x37, 0x00, 0x00, 0x00,
    0xBE, 0x00, 0x00, 0x00, 0x21, 0x00, 0x00, 0x00, 0x41, 0x00, 0x05, 0x00, 0x57, 0x00, 0x00, 0x00,
    0xBF, 0x00, 0x00, 0x00, 0x22, 0x00, 0x00, 0x00, 0x5E, 0x00, 0x00, 0x00, 0x3D, 0x00, 0x04, 0x00,
    0x36, 0x00, 0x00, 0x00, 0xC0, 0x00, 0x00, 0x00, 0xBF, 0x00, 0x00, 0x00, 0x41, 0x00, 0x05, 0x00,
    0x57, 0x00, 0x00, 0x00, 0xC1, 0x00, 0x00, 0x00, 0x22, 0x00, 0x00, 0x00, 0x5A, 0x00, 0x00, 0x00,
    0x3D, 0x00, 0x04, 0x00, 0x36, 0x00, 0x00, 0x00, 0xC2, 0x00, 0x00, 0x00, 0xC1, 0x00, 0x00, 0x00,
    0x0C, 0x00, 0x07, 0x00, 0x36, 0x00, 0x00, 0x00, 0xC3, 0x00, 0x00, 0x00, 0x01, 0x00, 0x00, 0x00,
    0x28, 0x00, 0x00, 0x00, 0xC0, 0x00, 0x00, 0x00, 0xC2, 0x00, 0x00, 0x00, 0x41, 0x00, 0x05, 0x00,
    0x57, 0x00, 0x00, 0x00, 0xC4, 0x00, 0x00, 0x00, 0x22, 0x00, 0x00, 0x00, 0x5A, 0x00, 0x00, 0x00,
    0x3D, 0x00, 0x04, 0x00, 0x36, 0x00, 0x00, 0x00, 0xC5, 0x00, 0x00, 0x00, 0xC4, 0x00, 0x00, 0x00,
    0x41, 0x00, 0x05, 0x00, 0x57, 0x00, 0x00, 0x00, 0xC6, 0x00, 0x00, 0x00, 0x22, 0x00, 0x00, 0x00,
    0x5D, 0x00, 0x00, 0x00, 0x3D, 0x00, 0x04, 0x00, 0x36, 0x00, 0x00, 0x00, 0xC7, 0x00, 0x00, 0x00,
    0xC6, 0x00, 0x00, 0x00, 0x0C, 0x00, 0x07, 0x00, 0x36, 0x00, 0x00, 0x00, 0xC8, 0x00, 0x00, 0x00,
    0x01, 0x00, 0x00, 0x00, 0x28, 0x00, 0x00, 0x00, 0xC5, 0x00, 0x00, 0x00, 0xC7, 0x00, 0x00, 0x00,
    0x41, 0x00, 0x05, 0x00, 0x57, 0x00, 0x00, 0x00, 0xC9, 0x00, 0x00, 0x00, 0x22, 0x00, 0x00, 0x00,
    0x5D, 0x00, 0x00, 0x00, 0x3D, 0x00, 0x04, 0x00, 0x36, 0x00, 0x00, 0x00, 0xCA, 0x00, 0x00, 0x00,
    0xC9, 0x00, 0x00, 0x00, 0x41, 0x00, 0x05, 0x00, 0x57, 0x00, 0x00, 0x00, 0xCB, 0x00, 0x00, 0x00,
    0x22, 0x00, 0x00, 0x00, 0x5F, 0x00, 0x00, 0x00, 0x3D, 0x00, 0x04, 0x00, 0x36, 0x00, 0x00, 0x00,
    0xCC, 0x00, 0x00, 0x00, 0xCB, 0x00, 0x00, 0x00, 0x0C, 0x00, 0x07, 0x00, 0x36, 0x00, 0x00, 0x00,
    0xCD, 0x00, 0x00, 0x00, 0x01, 0x00, 0x00, 0x00, 0x28, 0x00, 0x00, 0x00, 0xCA, 0x00, 0x00, 0x00,
    0xCC, 0x00, 0x00, 0x00, 0x41, 0x00, 0x05, 0x00, 0x57, 0x00, 0x00, 0x00, 0xCE, 0x00, 0x00, 0x00,
    0x22, 0x00, 0x00, 0x00, 0x5F, 0x00, 0x00, 0x00, 0x3D, 0x00, 0x04, 0x00, 0x36, 0x00, 0x00, 0x00,
    0xCF, 0x00, 0x00, 0x00, 0xCE, 0x00, 0x00, 0x00, 0x41, 0x00, 0x05, 0x00, 0x57, 0x00, 0x00, 0x00,
    0xD0, 0x00, 0x00, 0x00, 0x22, 0x00, 0x00, 0x00, 0x5E, 0x00, 0x00, 0x00, 0x3D, 0x00, 0x04, 0x00,
    0x36, 0x00, 0x00, 0x00, 0xD1, 0x00, 0x00, 0x00, 0xD0, 0x00, 0x00, 0x00, 0x0C, 0x00, 0x07, 0x00,
    0x36, 0x00, 0x00, 0x00, 0xD2, 0x00, 0x00, 0x00, 0x01, 0x00, 0x00, 0x00, 0x28, 0x00, 0x00, 0x00,
    0xCF, 0x00, 0x00, 0x00, 0xD1, 0x00, 0x00, 0x00, 0x50, 0x00, 0x07, 0x00, 0x37, 0x00, 0x00, 0x00,
    0xD3, 0x00, 0x00, 0x00, 0xC3, 0x00, 0x00, 0x00, 0xC8, 0x00, 0x00, 0x00, 0xCD, 0x00, 0x00, 0x00,
    0xD2, 0x00, 0x00, 0x00, 0x83, 0x00, 0x05, 0x00, 0x37, 0x00, 0x00, 0x00, 0xD4, 0x00, 0x00, 0x00,
    0xBE, 0x00, 0x00, 0x00, 0xD3, 0x00, 0x00, 0x00, 0x50, 0x00, 0x07, 0x00, 0x37, 0x00, 0x00, 0x00,
    0xD5, 0x00, 0x00, 0x00, 0x5B, 0x00, 0x00, 0x00, 0x5B, 0x00, 0x00, 0x00, 0x5B, 0x00, 0x00, 0x00,
    0x5B, 0x00, 0x00, 0x00, 0x0C, 0x00, 0x07, 0x00, 0x37, 0x00, 0x00, 0x00, 0xD6, 0x00, 0x00, 0x00,
    0x01, 0x00, 0x00, 0x00, 0x28, 0x00, 0x00, 0x00, 0xD4, 0x00, 0x00, 0x00, 0xD5, 0x00, 0x00, 0x00,
    0x3E, 0x00, 0x03, 0x00, 0x29, 0x00, 0x00, 0x00, 0xD6, 0x00, 0x00, 0x00, 0x3D, 0x00, 0x04, 0x00,
    0x44, 0x00, 0x00, 0x00, 0xD7, 0x00, 0x00, 0x00, 0x0E, 0x00, 0x00, 0x00, 0x3D, 0x00, 0x04, 0x00,
    0x44, 0x00, 0x00, 0x00, 0xD8, 0x00, 0x00, 0x00, 0x27, 0x00, 0x00, 0x00, 0x3D, 0x00, 0x04, 0x00,
    0x44, 0x00, 0x00, 0x00, 0xD9, 0x00, 0x00, 0x00, 0x28, 0x00, 0x00, 0x00, 0x81, 0x00, 0x05, 0x00,
    0x44, 0x00, 0x00, 0x00, 0xDA, 0x00, 0x00, 0x00, 0xD8, 0x00, 0x00, 0x00, 0xD9, 0x00, 0x00, 0x00,
    0x8E, 0x00, 0x05, 0x00, 0x44, 0x00, 0x00, 0x00, 0xDB, 0x00, 0x00, 0x00, 0xDA, 0x00, 0x00, 0x00,
    0x66, 0x00, 0x00, 0x00, 0x83, 0x00, 0x05, 0x00, 0x44, 0x00, 0x00, 0x00, 0xDC, 0x00, 0x00, 0x00,
    0xD7, 0x00, 0x00, 0x00, 0xDB, 0x00, 0x00, 0x00, 0x3D, 0x00, 0x04, 0x00, 0x44, 0x00, 0x00, 0x00,
    0xDD, 0x00, 0x00, 0x00, 0x28, 0x00, 0x00, 0x00, 0x3D, 0x00, 0x04, 0x00, 0x44, 0x00, 0x00, 0x00,
    0xDE, 0x00, 0x00, 0x00, 0x27, 0x00, 0x00, 0x00, 0x83, 0x00, 0x05, 0x00, 0x44, 0x00, 0x00, 0x00,
    0xDF, 0x00, 0x00, 0x00, 0xDD, 0x00, 0x00, 0x00, 0xDE, 0x00, 0x00, 0x00, 0x8E, 0x00, 0x05, 0x00,
    0x44, 0x00, 0x00, 0x00, 0xE0, 0x00, 0x00, 0x00, 0xDF, 0x00, 0x00, 0x00, 0x66, 0x00, 0x00, 0x00,
    0x3E, 0x00, 0x03, 0x00, 0x2B, 0x00, 0x00, 0x00, 0xDC, 0x00, 0x00, 0x00, 0x3E, 0x00, 0x03, 0x00,
    0x2C, 0x00, 0x00, 0x00, 0xE0, 0x00, 0x00, 0x00, 0x3D, 0x00, 0x04, 0x00, 0x37, 0x00, 0x00, 0x00,
    0xE1, 0x00, 0x00, 0x00, 0x29, 0x00, 0x00, 0x00, 0x3E, 0x00, 0x03, 0x00, 0x2D, 0x00, 0x00, 0x00,
    0xE1, 0x00, 0x00, 0x00, 0x39, 0x00, 0x07, 0x00, 0x36, 0x00, 0x00, 0x00, 0xE2, 0x00, 0x00, 0x00,
    0x19, 0x00, 0x00, 0x00, 0x2B, 0x00, 0x00, 0x00, 0x2C, 0x00, 0x00, 0x00, 0x2D, 0x00, 0x00, 0x00,
    0x3E, 0x00, 0x03, 0x00, 0x2A, 0x00, 0x00, 0x00, 0xE2, 0x00, 0x00, 0x00, 0x3D, 0x00, 0x04, 0x00,
    0x36, 0x00, 0x00, 0x00, 0xE3, 0x00, 0x00, 0x00, 0x23, 0x00, 0x00, 0x00, 0x83, 0x00, 0x05, 0x00,
    0x36, 0x00, 0x00, 0x00, 0xE4, 0x00, 0x00, 0x00, 0x66, 0x00, 0x00, 0x00, 0xE3, 0x00, 0x00, 0x00,
    0x0C, 0x00, 0x08, 0x00, 0x36, 0x00, 0x00, 0x00, 0xE5, 0x00, 0x00, 0x00, 0x01, 0x00, 0x00, 0x00,
    0x2B, 0x00, 0x00, 0x00, 0xE4, 0x00, 0x00, 0x00, 0x5B, 0x00, 0x00, 0x00, 0x67, 0x00, 0x00, 0x00,
    0x3E, 0x00, 0x03, 0x00, 0x2E, 0x00, 0x00, 0x00, 0xE5, 0x00, 0x00, 0x00, 0x3D, 0x00, 0x04, 0x00,
    0x36, 0x00, 0x00, 0x00, 0xE6, 0x00, 0x00, 0x00, 0x2A, 0x00, 0x00, 0x00, 0x83, 0x00, 0x05, 0x00,
    0x36, 0x00, 0x00, 0x00, 0xE7, 0x00, 0x00, 0x00, 0x66, 0x00, 0x00, 0x00, 0xE6, 0x00, 0x00, 0x00,
    0x0C, 0x00, 0x08, 0x00, 0x36, 0x00, 0x00, 0x00, 0xE8, 0x00, 0x00, 0x00, 0x01, 0x00, 0x00, 0x00,
    0x2B, 0x00, 0x00, 0x00, 0xE7, 0x00, 0x00, 0x00, 0x5B, 0x00, 0x00, 0x00, 0x67, 0x00, 0x00, 0x00,
    0x3D, 0x00, 0x04, 0x00, 0x36, 0x00, 0x00, 0x00, 0xE9, 0x00, 0x00, 0x00, 0x2E, 0x00, 0x00, 0x00,
    0x0C, 0x00, 0x07, 0x00, 0x36, 0x00, 0x00, 0x00, 0xEA, 0x00, 0x00, 0x00, 0x01, 0x00, 0x00, 0x00,
    0x25, 0x00, 0x00, 0x00, 0xE8, 0x00, 0x00, 0x00, 0xE9, 0x00, 0x00, 0x00, 0x3E, 0x00, 0x03, 0x00,
    0x2F, 0x00, 0x00, 0x00, 0xEA, 0x00, 0x00, 0x00, 0x41, 0x00, 0x05, 0x00, 0x68, 0x00, 0x00, 0x00,
    0xEB, 0x00, 0x00, 0x00, 0x0E, 0x00, 0x00, 0x00, 0x5D, 0x00, 0x00, 0x00, 0x3D, 0x00, 0x04, 0x00,
    0x36, 0x00, 0x00, 0x00, 0xEC, 0x00, 0x00, 0x00, 0xEB, 0x00, 0x00, 0x00, 0x41, 0x00, 0x05, 0x00,
    0x57, 0x00, 0x00, 0x00, 0xED, 0x00, 0x00, 0x00, 0x20, 0x00, 0x00, 0x00, 0x5A, 0x00, 0x00, 0x00,
    0x3D, 0x00, 0x04, 0x00, 0x36, 0x00, 0x00, 0x00, 0xEE, 0x00, 0x00, 0x00, 0xED, 0x00, 0x00, 0x00,
    0x41, 0x00, 0x05, 0x00, 0x68, 0x00, 0x00, 0x00, 0xEF, 0x00, 0x00, 0x00, 0x0E, 0x00, 0x00, 0x00,
    0x5A, 0x00, 0x00, 0x00, 0x3D, 0x00, 0x04, 0x00, 0x36, 0x00, 0x00, 0x00, 0xF0, 0x00, 0x00, 0x00,
    0xEF, 0x00, 0x00, 0x00, 0x83, 0x00, 0x05, 0x00, 0x36, 0x00, 0x00, 0x00, 0xF1, 0x00, 0x00, 0x00,
    0xEE, 0x00, 0x00, 0x00, 0xF0, 0x00, 0x00, 0x00, 0x41, 0x00, 0x05, 0x00, 0x57, 0x00, 0x00, 0x00,
    0xF2, 0x00, 0x00, 0x00, 0x20, 0x00, 0x00, 0x00, 0x5D, 0x00, 0x00, 0x00, 0x3D, 0x00, 0x04, 0x00,
    0x36, 0x00, 0x00, 0x00, 0xF3, 0x00, 0x00, 0x00, 0xF2, 0x00, 0x00, 0x00, 0x41, 0x00, 0x05, 0x00,
    0x68, 0x00, 0x00, 0x00, 0xF4, 0x00, 0x00, 0x00, 0x0E, 0x00, 0x00, 0x00, 0x5D, 0x00, 0x00, 0x00,
    0x3D, 0x00, 0x04, 0x00, 0x36, 0x00, 0x00, 0x00, 0xF5, 0x00, 0x00, 0x00, 0xF4, 0x00, 0x00, 0x00,
    0x83, 0x00, 0x05, 0x00, 0x36, 0x00, 0x00, 0x00, 0xF6, 0x00, 0x00, 0x00, 0xF3, 0x00, 0x00, 0x00,
    0xF5, 0x00, 0x00, 0x00, 0x41, 0x00, 0x05, 0x00, 0x68, 0x00, 0x00, 0x00, 0xF7, 0x00, 0x00, 0x00,
    0x0E, 0x00, 0x00, 0x00, 0x5A, 0x00, 0x00, 0x00, 0x3D, 0x00, 0x04, 0x00, 0x36, 0x00, 0x00, 0x00,
    0xF8, 0x00, 0x00, 0x00, 0xF7, 0x00, 0x00, 0x00, 0x50, 0x00, 0x07, 0x00, 0x37, 0x00, 0x00, 0x00,
    0xF9, 0x00, 0x00, 0x00, 0xEC, 0x00, 0x00, 0x00, 0xF1, 0x00, 0x00, 0x00, 0xF6, 0x00, 0x00, 0x00,
    0xF8, 0x00, 0x00, 0x00, 0x3D, 0x00, 0x04, 0x00, 0x37, 0x00, 0x00, 0x00, 0xFA, 0x00, 0x00, 0x00,
    0x22, 0x00, 0x00, 0x00, 0x50, 0x00, 0x07, 0x00, 0x37, 0x00, 0x00, 0x00, 0xFB, 0x00, 0x00, 0x00,
    0x69, 0x00, 0x00, 0x00, 0x69, 0x00, 0x00, 0x00, 0x69, 0x00, 0x00, 0x00, 0x69, 0x00, 0x00, 0x00,
    0x0C, 0x00, 0x07, 0x00, 0x37, 0x00, 0x00, 0x00, 0xFC, 0x00, 0x00, 0x00, 0x01, 0x00, 0x00, 0x00,
    0x28, 0x00, 0x00, 0x00, 0xFA, 0x00, 0x00, 0x00, 0xFB, 0x00, 0x00, 0x00, 0x88, 0x00, 0x05, 0x00,
    0x37, 0x00, 0x00, 0x00, 0xFD, 0x00, 0x00, 0x00, 0xF9, 0x00, 0x00, 0x00, 0xFC, 0x00, 0x00, 0x00,
    0x3E, 0x00, 0x03, 0x00, 0x30, 0x00, 0x00, 0x00, 0xFD, 0x00, 0x00, 0x00, 0x3E, 0x00, 0x03, 0x00,
    0x31, 0x00, 0x00, 0x00, 0x60, 0x00, 0x00, 0x00, 0x41, 0x00, 0x05, 0x00, 0x57, 0x00, 0x00, 0x00,
    0xFE, 0x00, 0x00, 0x00, 0x30, 0x00, 0x00, 0x00, 0x5D, 0x00, 0x00, 0x00, 0x3D, 0x00, 0x04, 0x00,
    0x36, 0x00, 0x00, 0x00, 0xFF, 0x00, 0x00, 0x00, 0xFE, 0x00, 0x00, 0x00, 0x3D, 0x00, 0x04, 0x00,
    0x3D, 0x00, 0x00, 0x00, 0x00, 0x01, 0x00, 0x00, 0x31, 0x00, 0x00, 0x00, 0x41, 0x00, 0x05, 0x00,
    0x57, 0x00, 0x00, 0x00, 0x01, 0x01, 0x00, 0x00, 0x30, 0x00, 0x00, 0x00, 0x00, 0x01, 0x00, 0x00,
    0x3D, 0x00, 0x04, 0x00, 0x36, 0x00, 0x00, 0x00, 0x02, 0x01, 0x00, 0x00, 0x01, 0x01, 0x00, 0x00,
    0xB8, 0x00, 0x05, 0x00, 0x5C, 0x00, 0x00, 0x00, 0x03, 0x01, 0x00, 0x00, 0xFF, 0x00, 0x00, 0x00,
    0x02, 0x01, 0x00, 0x00, 0x3D, 0x00, 0x04, 0x00, 0x3D, 0x00, 0x00, 0x00, 0x04, 0x01, 0x00, 0x00,
    0x31, 0x00, 0x00, 0x00, 0xA9, 0x00, 0x06, 0x00, 0x3D, 0x00, 0x00, 0x00, 0x05, 0x01, 0x00, 0x00,
    0x03, 0x01, 0x00, 0x00, 0x63, 0x00, 0x00, 0x00, 0x04, 0x01, 0x00, 0x00, 0x3E, 0x00, 0x03, 0x00,
    0x31, 0x00, 0x00, 0x00, 0x05, 0x01, 0x00, 0x00, 0x41, 0x00, 0x05, 0x00, 0x57, 0x00, 0x00, 0x00,
    0x06, 0x01, 0x00, 0x00, 0x30, 0x00, 0x00, 0x00, 0x5F, 0x00, 0x00, 0x00, 0x3D, 0x00, 0x04, 0x00,
    0x36, 0x00, 0x00, 0x00, 0x07, 0x01, 0x00, 0x00, 0x06, 0x01, 0x00, 0x00, 0x3D, 0x00, 0x04, 0x00,
    0x3D, 0x00, 0x00, 0x00, 0x08, 0x01, 0x00, 0x00, 0x31, 0x00, 0x00, 0x00, 0x41, 0x00, 0x05, 0x00,
    0x57, 0x00, 0x00, 0x00, 0x09, 0x01, 0x00, 0x00, 0x30, 0x00, 0x00, 0x00, 0x08, 0x01, 0x00, 0x00,
    0x3D, 0x00, 0x04, 0x00, 0x36, 0x00, 0x00, 0x00, 0x0A, 0x01, 0x00, 0x00, 0x09, 0x01, 0x00, 0x00,
    0xB8, 0x00, 0x05, 0x00, 0x5C, 0x00, 0x00, 0x00, 0x0B, 0x01, 0x00, 0x00, 0x07, 0x01, 0x00, 0x00,
    0x0A, 0x01, 0x00, 0x00, 0x3D, 0x00, 0x04, 0x00, 0x3D, 0x00, 0x00, 0x00, 0x0C, 0x01, 0x00, 0x00,
    0x31, 0x00, 0x00, 0x00, 0xA9, 0x00, 0x06, 0x00, 0x3D, 0x00, 0x00, 0x00, 0x0D, 0x01, 0x00, 0x00,
    0x0B, 0x01, 0x00, 0x00, 0x6B, 0x00, 0x00, 0x00, 0x0C, 0x01, 0x00, 0x00, 0x3E, 0x00, 0x03, 0x00,
    0x31, 0x00, 0x00, 0x00, 0x0D, 0x01, 0x00, 0x00, 0x41, 0x00, 0x05, 0x00, 0x57, 0x00, 0x00, 0x00,
    0x0E, 0x01, 0x00, 0x00, 0x30, 0x00, 0x00, 0x00, 0x5E, 0x00, 0x00, 0x00, 0x3D, 0x00, 0x04, 0x00,
    0x36, 0x00, 0x00, 0x00, 0x0F, 0x01, 0x00, 0x00, 0x0E, 0x01, 0x00, 0x00, 0x3D, 0x00, 0x04, 0x00,
    0x3D, 0x00, 0x00, 0x00, 0x10, 0x01, 0x00, 0x00, 0x31, 0x00, 0x00, 0x00, 0x41, 0x00, 0x05, 0x00,
    0x57, 0x00, 0x00, 0x00, 0x11, 0x01, 0x00, 0x00, 0x30, 0x00, 0x00, 0x00, 0x10, 0x01, 0x00, 0x00,
    0x3D, 0x00, 0x04, 0x00, 0x36, 0x00, 0x00, 0x00, 0x12, 0x01, 0x00, 0x00, 0x11, 0x01, 0x00, 0x00,
    0xB8, 0x00, 0x05, 0x00, 0x5C, 0x00, 0x00, 0x00, 0x13, 0x01, 0x00, 0x00, 0x0F, 0x01, 0x00, 0x00,
    0x12, 0x01, 0x00, 0x00, 0x3D, 0x00, 0x04, 0x00, 0x3D, 0x00, 0x00, 0x00, 0x14, 0x01, 0x00, 0x00,
    0x31, 0x00, 0x00, 0x00, 0xA9, 0x00, 0x06, 0x00, 0x3D, 0x00, 0x00, 0x00, 0x15, 0x01, 0x00, 0x00,
    0x13, 0x01, 0x00, 0x00, 0x64, 0x00, 0x00, 0x00, 0x14, 0x01, 0x00, 0x00, 0x3E, 0x00, 0x03, 0x00,
    0x31, 0x00, 0x00, 0x00, 0x15, 0x01, 0x00, 0x00, 0x3D, 0x00, 0x04, 0x00, 0x39, 0x00, 0x00, 0x00,
    0x16, 0x01, 0x00, 0x00, 0x0D, 0x00, 0x00, 0x00, 0x41, 0x00, 0x07, 0x00, 0x40, 0x00, 0x00, 0x00,
    0x17, 0x01, 0x00, 0x00, 0x0C, 0x00, 0x00, 0x00, 0x60, 0x00, 0x00, 0x00, 0x16, 0x01, 0x00, 0x00,
    0x6B, 0x00, 0x00, 0x00, 0x3D, 0x00, 0x04, 0x00, 0x37, 0x00, 0x00, 0x00, 0x18, 0x01, 0x00, 0x00,
    0x17, 0x01, 0x00, 0x00, 0x3D, 0x00, 0x04, 0x00, 0x36, 0x00, 0x00, 0x00, 0x19, 0x01, 0x00, 0x00,
    0x2F, 0x00, 0x00, 0x00, 0x8E, 0x00, 0x05, 0x00, 0x37, 0x00, 0x00, 0x00, 0x1A, 0x01, 0x00, 0x00,
    0x18, 0x01, 0x00, 0x00, 0x19, 0x01, 0x00, 0x00, 0x3D, 0x00, 0x04, 0x00, 0x39, 0x00, 0x00, 0x00,
    0x1B, 0x01, 0x00, 0x00, 0x0D, 0x00, 0x00, 0x00, 0x3D, 0x00, 0x04, 0x00, 0x3D, 0x00, 0x00, 0x00,
    0x1C, 0x01, 0x00, 0x00, 0x31, 0x00, 0x00, 0x00, 0x41, 0x00, 0x08, 0x00, 0x40, 0x00, 0x00, 0x00,
    0x1D, 0x01, 0x00, 0x00, 0x0C, 0x00, 0x00, 0x00, 0x60, 0x00, 0x00, 0x00, 0x1B, 0x01, 0x00, 0x00,
    0x6C, 0x00, 0x00, 0x00, 0x1C, 0x01, 0x00, 0x00, 0x3D, 0x00, 0x04, 0x00, 0x37, 0x00, 0x00, 0x00,
    0x1E, 0x01, 0x00, 0x00, 0x1D, 0x01, 0x00, 0x00, 0x3D, 0x00, 0x04, 0x00, 0x36, 0x00, 0x00, 0x00,
    0x1F, 0x01, 0x00, 0x00, 0x2E, 0x00, 0x00, 0x00, 0x3D, 0x00, 0x04, 0x00, 0x36, 0x00, 0x00, 0x00,
    0x20, 0x01, 0x00, 0x00, 0x2F, 0x00, 0x00, 0x00, 0x83, 0x00, 0x05, 0x00, 0x36, 0x00, 0x00, 0x00,
    0x21, 0x01, 0x00, 0x00, 0x1F, 0x01, 0x00, 0x00, 0x20, 0x01, 0x00, 0x00, 0x8E, 0x00, 0x05, 0x00,
    0x37, 0x00, 0x00, 0x00, 0x22, 0x01, 0x00, 0x00, 0x1E, 0x01, 0x00, 0x00, 0x21, 0x01, 0x00, 0x00,
    0x81, 0x00, 0x05, 0x00, 0x37, 0x00, 0x00, 0x00, 0x23, 0x01, 0x00, 0x00, 0x1A, 0x01, 0x00, 0x00,
    0x22, 0x01, 0x00, 0x00, 0x3E, 0x00, 0x03, 0x00, 0x0F, 0x00, 0x00, 0x00, 0x23, 0x01, 0x00, 0x00,
    0xFD, 0x00, 0x01, 0x00, 0x38, 0x00, 0x01, 0x00, 0x36, 0x00, 0x05, 0x00, 0x36, 0x00, 0x00, 0x00,
    0x19, 0x00, 0x00, 0x00, 0x00, 0x00, 0x00, 0x00, 0x59, 0x00, 0x00, 0x00, 0x37, 0x00, 0x03, 0x00,
    0x45, 0x00, 0x00, 0x00, 0x1A, 0x00, 0x00, 0x00, 0x37, 0x00, 0x03, 0x00, 0x45, 0x00, 0x00, 0x00,
    0x1B, 0x00, 0x00, 0x00, 0x37, 0x00, 0x03, 0x00, 0x38, 0x00, 0x00, 0x00, 0x1C, 0x00, 0x00, 0x00,
    0xF8, 0x00, 0x02, 0x00, 0x24, 0x01, 0x00, 0x00, 0x3B, 0x00, 0x04, 0x00, 0x57, 0x00, 0x00, 0x00,
    0x1D, 0x00, 0x00, 0x00, 0x07, 0x00, 0x00, 0x00, 0x3B, 0x00, 0x04, 0x00, 0x57, 0x00, 0x00, 0x00,
    0x25, 0x01, 0x00, 0x00, 0x07, 0x00, 0x00, 0x00, 0x3B, 0x00, 0x04, 0x00, 0x57, 0x00, 0x00, 0x00,
    0x26, 0x01, 0x00, 0x00, 0x07, 0x00, 0x00, 0x00, 0x3B, 0x00, 0x04, 0x00, 0x57, 0x00, 0x00, 0x00,
    0x27, 0x01, 0x00, 0x00, 0x07, 0x00, 0x00, 0x00, 0x3B, 0x00, 0x04, 0x00, 0x45, 0x00, 0x00, 0x00,
    0x1E, 0x00, 0x00, 0x00, 0x07, 0x00, 0x00, 0x00, 0x41, 0x00, 0x05, 0x00, 0x57, 0x00, 0x00, 0x00,
    0x28, 0x01, 0x00, 0x00, 0x1A, 0x00, 0x00, 0x00, 0x5A, 0x00, 0x00, 0x00, 0x3D, 0x00, 0x04, 0x00,
    0x36, 0x00, 0x00, 0x00, 0x29, 0x01, 0x00, 0x00, 0x28, 0x01, 0x00, 0x00, 0xB8, 0x00, 0x05, 0x00,
    0x5C, 0x00, 0x00, 0x00, 0x2A, 0x01, 0x00, 0x00, 0x29, 0x01, 0x00, 0x00, 0x5B, 0x00, 0x00, 0x00,
    0xF7, 0x00, 0x03, 0x00, 0x2B, 0x01, 0x00, 0x00, 0x00, 0x00, 0x00, 0x00, 0xFA, 0x00, 0x04, 0x00,
    0x2A, 0x01, 0x00, 0x00, 0x2C, 0x01, 0x00, 0x00, 0x2D, 0x01, 0x00, 0x00, 0xF8, 0x00, 0x02, 0x00,
    0x2C, 0x01, 0x00, 0x00, 0x41, 0x00, 0x05, 0x00, 0x57, 0x00, 0x00, 0x00, 0x2E, 0x01, 0x00, 0x00,
    0x1A, 0x00, 0x00, 0x00, 0x5D, 0x00, 0x00, 0x00, 0x3D, 0x00, 0x04, 0x00, 0x36, 0x00, 0x00, 0x00,
    0x2F, 0x01, 0x00, 0x00, 0x2E, 0x01, 0x00, 0x00, 0xB8, 0x00, 0x05, 0x00, 0x5C, 0x00, 0x00, 0x00,
    0x30, 0x01, 0x00, 0x00, 0x2F, 0x01, 0x00, 0x00, 0x5B, 0x00, 0x00, 0x00, 0xF7, 0x00, 0x03, 0x00,
    0x31, 0x01, 0x00, 0x00, 0x00, 0x00, 0x00, 0x00, 0xFA, 0x00, 0x04, 0x00, 0x30, 0x01, 0x00, 0x00,
    0x32, 0x01, 0x00, 0x00, 0x33, 0x01, 0x00, 0x00, 0xF8, 0x00, 0x02, 0x00, 0x32, 0x01, 0x00, 0x00,
    0x41, 0x00, 0x05, 0x00, 0x57, 0x00, 0x00, 0x00, 0x34, 0x01, 0x00, 0x00, 0x1C, 0x00, 0x00, 0x00,
    0x5A, 0x00, 0x00, 0x00, 0x3D, 0x00, 0x04, 0x00, 0x36, 0x00, 0x00, 0x00, 0x35, 0x01, 0x00, 0x00,
    0x34, 0x01, 0x00, 0x00, 0x3E, 0x00, 0x03, 0x00, 0x26, 0x01, 0x00, 0x00, 0x35, 0x01, 0x00, 0x00,
    0xF9, 0x00, 0x02, 0x00, 0x31, 0x01, 0x00, 0x00, 0xF8, 0x00, 0x02, 0x00, 0x33, 0x01, 0x00, 0x00,
    0x41, 0x00, 0x05, 0x00, 0x57, 0x00, 0x00, 0x00, 0x36, 0x01, 0x00, 0x00, 0x1C, 0x00, 0x00, 0x00,
    0x5E, 0x00, 0x00, 0x00, 0x3D, 0x00, 0x04, 0x00, 0x36, 0x00, 0x00, 0x00, 0x37, 0x01, 0x00, 0x00,
    0x36, 0x01, 0x00, 0x00, 0x3E, 0x00, 0x03, 0x00, 0x26, 0x01, 0x00, 0x00, 0x37, 0x01, 0x00, 0x00,
    0xF9, 0x00, 0x02, 0x00, 0x31, 0x01, 0x00, 0x00, 0xF8, 0x00, 0x02, 0x00, 0x31, 0x01, 0x00, 0x00,
    0x3D, 0x00, 0x04, 0x00, 0x36, 0x00, 0x00, 0x00, 0x38, 0x01, 0x00, 0x00, 0x26, 0x01, 0x00, 0x00,
    0x3E, 0x00, 0x03, 0x00, 0x25, 0x01, 0x00, 0x00, 0x38, 0x01, 0x00, 0x00, 0xF9, 0x00, 0x02, 0x00,
    0x2B, 0x01, 0x00, 0x00, 0xF8, 0x00, 0x02, 0x00, 0x2D, 0x01, 0x00, 0x00, 0x41, 0x00, 0x05, 0x00,
    0x57, 0x00, 0x00, 0x00, 0x39, 0x01, 0x00, 0x00, 0x1A, 0x00, 0x00, 0x00, 0x5D, 0x00, 0x00, 0x00,
    0x3D, 0x00, 0x04, 0x00, 0x36, 0x00, 0x00, 0x00, 0x3A, 0x01, 0x00, 0x00, 0x39, 0x01, 0x00, 0x00,
    0xB8, 0x00, 0x05, 0x00, 0x5C, 0x00, 0x00, 0x00, 0x3B, 0x01, 0x00, 0x00, 0x3A, 0x01, 0x00, 0x00,
    0x5B, 0x00, 0x00, 0x00, 0xF7, 0x00, 0x03, 0x00, 0x3C, 0x01, 0x00, 0x00, 0x00, 0x00, 0x00, 0x00,
    0xFA, 0x00, 0x04, 0x00, 0x3B, 0x01, 0x00, 0x00, 0x3D, 0x01, 0x00, 0x00, 0x3E, 0x01, 0x00, 0x00,
    0xF8, 0x00, 0x02, 0x00, 0x3D, 0x01, 0x00, 0x00, 0x41, 0x00, 0x05, 0x00, 0x57, 0x00, 0x00, 0x00,
    0x3F, 0x01, 0x00, 0x00, 0x1C, 0x00, 0x00, 0x00, 0x5D, 0x00, 0x00, 0x00, 0x3D, 0x00, 0x04, 0x00,
    0x36, 0x00, 0x00, 0x00, 0x40, 0x01, 0x00, 0x00, 0x3F, 0x01, 0x00, 0x00, 0x3E, 0x00, 0x03, 0x00,
    0x27, 0x01, 0x00, 0x00, 0x40, 0x01, 0x00, 0x00, 0xF9, 0x00, 0x02, 0x00, 0x3C, 0x01, 0x00, 0x00,
    0xF8, 0x00, 0x02, 0x00, 0x3E, 0x01, 0x00, 0x00, 0x41, 0x00, 0x05, 0x00, 0x57, 0x00, 0x00, 0x00,
    0x41, 0x01, 0x00, 0x00, 0x1C, 0x00, 0x00, 0x00, 0x5F, 0x00, 0x00, 0x00, 0x3D, 0x00, 0x04, 0x00,
    0x36, 0x00, 0x00, 0x00, 0x42, 0x01, 0x00, 0x00, 0x41, 0x01, 0x00, 0x00, 0x3E, 0x00, 0x03, 0x00,
    0x27, 0x01, 0x00, 0x00, 0x42, 0x01, 0x00, 0x00, 0xF9, 0x00, 0x02, 0x00, 0x3C, 0x01, 0x00, 0x00,
    0xF8, 0x00, 0x02, 0x00, 0x3C, 0x01, 0x00, 0x00, 0x3D, 0x00, 0x04, 0x00, 0x36, 0x00, 0x00, 0x00,
    0x43, 0x01, 0x00, 0x00, 0x27, 0x01, 0x00, 0x00, 0x3E, 0x00, 0x03, 0x00, 0x25, 0x01, 0x00, 0x00,
    0x43, 0x01, 0x00, 0x00, 0xF9, 0x00, 0x02, 0x00, 0x2B, 0x01, 0x00, 0x00, 0xF8, 0x00, 0x02, 0x00,
    0x2B, 0x01, 0x00, 0x00, 0x3D, 0x00, 0x04, 0x00, 0x36, 0x00, 0x00, 0x00, 0x44, 0x01, 0x00, 0x00,
    0x25, 0x01, 0x00, 0x00, 0x3E, 0x00, 0x03, 0x00, 0x1D, 0x00, 0x00, 0x00, 0x44, 0x01, 0x00, 0x00,
    0x3D, 0x00, 0x04, 0x00, 0x36, 0x00, 0x00, 0x00, 0x45, 0x01, 0x00, 0x00, 0x1D, 0x00, 0x00, 0x00,
    0x41, 0x00, 0x05, 0x00, 0x57, 0x00, 0x00, 0x00, 0x46, 0x01, 0x00, 0x00, 0x1B, 0x00, 0x00, 0x00,
    0x5A, 0x00, 0x00, 0x00, 0x3D, 0x00, 0x04, 0x00, 0x36, 0x00, 0x00, 0x00, 0x47, 0x01, 0x00, 0x00,
    0x46, 0x01, 0x00, 0x00, 0x41, 0x00, 0x05, 0x00, 0x57, 0x00, 0x00, 0x00, 0x48, 0x01, 0x00, 0x00,
    0x1B, 0x00, 0x00, 0x00, 0x5D, 0x00, 0x00, 0x00, 0x3D, 0x00, 0x04, 0x00, 0x36, 0x00, 0x00, 0x00,
    0x49, 0x01, 0x00, 0x00, 0x48, 0x01, 0x00, 0x00, 0x0C, 0x00, 0x07, 0x00, 0x36, 0x00, 0x00, 0x00,
    0x4A, 0x01, 0x00, 0x00, 0x01, 0x00, 0x00, 0x00, 0x25, 0x00, 0x00, 0x00, 0x47, 0x01, 0x00, 0x00,
    0x49, 0x01, 0x00, 0x00, 0x0C, 0x00, 0x07, 0x00, 0x36, 0x00, 0x00, 0x00, 0x4B, 0x01, 0x00, 0x00,
    0x01, 0x00, 0x00, 0x00, 0x25, 0x00, 0x00, 0x00, 0x45, 0x01, 0x00, 0x00, 0x4A, 0x01, 0x00, 0x00,
    0x3E, 0x00, 0x03, 0x00, 0x1D, 0x00, 0x00, 0x00, 0x4B, 0x01, 0x00, 0x00, 0x3D, 0x00, 0x04, 0x00,
    0x44, 0x00, 0x00, 0x00, 0x4C, 0x01, 0x00, 0x00, 0x1A, 0x00, 0x00, 0x00, 0x0C, 0x00, 0x06, 0x00,
    0x44, 0x00, 0x00, 0x00, 0x4D, 0x01, 0x00, 0x00, 0x01, 0x00, 0x00, 0x00, 0x04, 0x00, 0x00, 0x00,
    0x4C, 0x01, 0x00, 0x00, 0x3D, 0x00, 0x04, 0x00, 0x44, 0x00, 0x00, 0x00, 0x4E, 0x01, 0x00, 0x00,
    0x1B, 0x00, 0x00, 0x00, 0x83, 0x00, 0x05, 0x00, 0x44, 0x00, 0x00, 0x00, 0x4F, 0x01, 0x00, 0x00,
    0x4D, 0x01, 0x00, 0x00, 0x4E, 0x01, 0x00, 0x00, 0x3D, 0x00, 0x04, 0x00, 0x36, 0x00, 0x00, 0x00,
    0x50, 0x01, 0x00, 0x00, 0x1D, 0x00, 0x00, 0x00, 0x50, 0x00, 0x05, 0x00, 0x44, 0x00, 0x00, 0x00,
    0x51, 0x01, 0x00, 0x00, 0x50, 0x01, 0x00, 0x00, 0x50, 0x01, 0x00, 0x00, 0x81, 0x00, 0x05, 0x00,
    0x44, 0x00, 0x00, 0x00, 0x52, 0x01, 0x00, 0x00, 0x4F, 0x01, 0x00, 0x00, 0x51, 0x01, 0x00, 0x00,
    0x3E, 0x00, 0x03, 0x00, 0x1E, 0x00, 0x00, 0x00, 0x52, 0x01, 0x00, 0x00, 0x41, 0x00, 0x05, 0x00,
    0x57, 0x00, 0x00, 0x00, 0x53, 0x01, 0x00, 0x00, 0x1E, 0x00, 0x00, 0x00, 0x5A, 0x00, 0x00, 0x00,
    0x3D, 0x00, 0x04, 0x00, 0x36, 0x00, 0x00, 0x00, 0x54, 0x01, 0x00, 0x00, 0x53, 0x01, 0x00, 0x00,
    0x41, 0x00, 0x05, 0x00, 0x57, 0x00, 0x00, 0x00, 0x55, 0x01, 0x00, 0x00, 0x1E, 0x00, 0x00, 0x00,
    0x5D, 0x00, 0x00, 0x00, 0x3D, 0x00, 0x04, 0x00, 0x36, 0x00, 0x00, 0x00, 0x56, 0x01, 0x00, 0x00,
    0x55, 0x01, 0x00, 0x00, 0x0C, 0x00, 0x07, 0x00, 0x36, 0x00, 0x00, 0x00, 0x57, 0x01, 0x00, 0x00,
    0x01, 0x00, 0x00, 0x00, 0x28, 0x00, 0x00, 0x00, 0x54, 0x01, 0x00, 0x00, 0x56, 0x01, 0x00, 0x00,
    0x0C, 0x00, 0x07, 0x00, 0x36, 0x00, 0x00, 0x00, 0x58, 0x01, 0x00, 0x00, 0x01, 0x00, 0x00, 0x00,
    0x25, 0x00, 0x00, 0x00, 0x57, 0x01, 0x00, 0x00, 0x5B, 0x00, 0x00, 0x00, 0x3D, 0x00, 0x04, 0x00,
    0x44, 0x00, 0x00, 0x00, 0x59, 0x01, 0x00, 0x00, 0x1E, 0x00, 0x00, 0x00, 0x50, 0x00, 0x05, 0x00,
    0x44, 0x00, 0x00, 0x00, 0x5A, 0x01, 0x00, 0x00, 0x5B, 0x00, 0x00, 0x00, 0x5B, 0x00, 0x00, 0x00,
    0x0C, 0x00, 0x07, 0x00, 0x44, 0x00, 0x00, 0x00, 0x5B, 0x01, 0x00, 0x00, 0x01, 0x00, 0x00, 0x00,
    0x28, 0x00, 0x00, 0x00, 0x59, 0x01, 0x00, 0x00, 0x5A, 0x01, 0x00, 0x00, 0x0C, 0x00, 0x06, 0x00,
    0x36, 0x00, 0x00, 0x00, 0x5C, 0x01, 0x00, 0x00, 0x01, 0x00, 0x00, 0x00, 0x42, 0x00, 0x00, 0x00,
    0x5B, 0x01, 0x00, 0x00, 0x81, 0x00, 0x05, 0x00, 0x36, 0x00, 0x00, 0x00, 0x5D, 0x01, 0x00, 0x00,
    0x58, 0x01, 0x00, 0x00, 0x5C, 0x01, 0x00, 0x00, 0x3D, 0x00, 0x04, 0x00, 0x36, 0x00, 0x00, 0x00,
    0x5E, 0x01, 0x00, 0x00, 0x1D, 0x00, 0x00, 0x00, 0x83, 0x00, 0x05, 0x00, 0x36, 0x00, 0x00, 0x00,
    0x5F, 0x01, 0x00, 0x00, 0x5D, 0x01, 0x00, 0x00, 0x5E, 0x01, 0x00, 0x00, 0xFE, 0x00, 0x02, 0x00,
    0x5F, 0x01, 0x00, 0x00, 0x38, 0x00, 0x01, 0x00, 0x2F, 0x2F, 0x20, 0x53, 0x50, 0x44, 0x58, 0x2D,
    0x4C, 0x69, 0x63, 0x65, 0x6E, 0x73, 0x65, 0x2D, 0x49, 0x64, 0x65, 0x6E, 0x74, 0x69, 0x66, 0x69,
    0x65, 0x72, 0x3A, 0x20, 0x4D, 0x49, 0x54, 0x0A, 0x2F, 0x2F, 0x20, 0x43, 0x6F, 0x70, 0x79, 0x72,
    0x69, 0x67, 0x68, 0x74, 0x20, 0x28, 0x63, 0x29, 0x20, 0x32, 0x30, 0x32, 0x36, 0x20, 0x53, 0x69,
    0x72, 0x61, 0x63, 0x20, 0x4F, 0x7A, 0x6D, 0x65, 0x6E, 0x0A, 0x2F, 0x2F, 0x0A, 0x2F, 0x2F, 0x20,
    0x54, 0x68, 0x65, 0x20, 0x72, 0x65, 0x66, 0x65, 0x72, 0x65, 0x6E, 0x63, 0x65, 0x20, 0x72, 0x65,
    0x6E, 0x64, 0x65, 0x72, 0x65, 0x72, 0x27, 0x73, 0x20, 0x57, 0x47, 0x53, 0x4C, 0x20, 0x28, 0x72,
    0x65, 0x63, 0x6F, 0x72, 0x64, 0x20, 0x6D, 0x75, 0x69, 0x2D, 0x30, 0x30, 0x30, 0x35, 0x29, 0x3A,
    0x20, 0x74, 0x68, 0x65, 0x20, 0x65, 0x6E, 0x74, 0x72, 0x69, 0x65, 0x73, 0x20, 0x6F, 0x66, 0x0A,
    0x2F, 0x2F, 0x20, 0x71, 0x75, 0x61, 0x64, 0x2E, 0x76, 0x65, 0x72, 0x74, 0x20, 0x61, 0x6E, 0x64,
    0x20, 0x71, 0x75, 0x61, 0x64, 0x2E, 0x66, 0x72, 0x61, 0x67, 0x2E, 0x0A, 0x0A, 0x73, 0x74, 0x72,
    0x75, 0x63, 0x74, 0x20, 0x52, 0x6F, 0x6F, 0x74, 0x20, 0x7B, 0x0A, 0x20, 0x20, 0x20, 0x20, 0x66,
    0x72, 0x61, 0x6D, 0x65, 0x3A, 0x20, 0x76, 0x65, 0x63, 0x34, 0x66, 0x2C, 0x0A, 0x7D, 0x0A, 0x0A,
    0x76, 0x61, 0x72, 0x3C, 0x69, 0x6D, 0x6D, 0x65, 0x64, 0x69, 0x61, 0x74, 0x65, 0x3E, 0x20, 0x72,
    0x6F, 0x6F, 0x74, 0x3A, 0x20, 0x52, 0x6F, 0x6F, 0x74, 0x3B, 0x0A, 0x0A, 0x73, 0x74, 0x72, 0x75,
    0x63, 0x74, 0x20, 0x49, 0x6E, 0x73, 0x74, 0x61, 0x6E, 0x63, 0x65, 0x20, 0x7B, 0x0A, 0x20, 0x20,
    0x20, 0x20, 0x72, 0x65, 0x63, 0x74, 0x3A, 0x20, 0x76, 0x65, 0x63, 0x34, 0x66, 0x2C, 0x0A, 0x20,
    0x20, 0x20, 0x20, 0x72, 0x61, 0x64, 0x69, 0x69, 0x3A, 0x20, 0x76, 0x65, 0x63, 0x34, 0x66, 0x2C,
    0x0A, 0x20, 0x20, 0x20, 0x20, 0x66, 0x69, 0x6C, 0x6C, 0x3A, 0x20, 0x76, 0x65, 0x63, 0x34, 0x66,
    0x2C, 0x0A, 0x20, 0x20, 0x20, 0x20, 0x77, 0x69, 0x64, 0x74, 0x68, 0x73, 0x3A, 0x20, 0x76, 0x65,
    0x63, 0x34, 0x66, 0x2C, 0x0A, 0x20, 0x20, 0x20, 0x20, 0x63, 0x6F, 0x6C, 0x6F, 0x72, 0x73, 0x3A,
    0x20, 0x61, 0x72, 0x72, 0x61, 0x79, 0x3C, 0x76, 0x65, 0x63, 0x34, 0x66, 0x2C, 0x20, 0x34, 0x3E,
    0x2C, 0x0A, 0x20, 0x20, 0x20, 0x20, 0x6D, 0x65, 0x74, 0x61, 0x3A, 0x20, 0x76, 0x65, 0x63, 0x34,
    0x75, 0x2C, 0x0A, 0x7D, 0x0A, 0x0A, 0x40, 0x67, 0x72, 0x6F, 0x75, 0x70, 0x28, 0x30, 0x29, 0x20,
    0x40, 0x62, 0x69, 0x6E, 0x64, 0x69, 0x6E, 0x67, 0x28, 0x30, 0x29, 0x20, 0x76, 0x61, 0x72, 0x3C,
    0x73, 0x74, 0x6F, 0x72, 0x61, 0x67, 0x65, 0x2C, 0x20, 0x72, 0x65, 0x61, 0x64, 0x3E, 0x20, 0x69,
    0x6E, 0x73, 0x74, 0x61, 0x6E, 0x63, 0x65, 0x73, 0x3A, 0x20, 0x61, 0x72, 0x72, 0x61, 0x79, 0x3C,
    0x49, 0x6E, 0x73, 0x74, 0x61, 0x6E, 0x63, 0x65, 0x3E, 0x3B, 0x0A, 0x0A, 0x73, 0x74, 0x72, 0x75,
    0x63, 0x74, 0x20, 0x42, 0x65, 0x74, 0x77, 0x65, 0x65, 0x6E, 0x20, 0x7B, 0x0A, 0x20, 0x20, 0x20,
    0x20, 0x40, 0x62, 0x75, 0x69, 0x6C, 0x74, 0x69, 0x6E, 0x28, 0x70, 0x6F, 0x73, 0x69, 0x74, 0x69,
    0x6F, 0x6E, 0x29, 0x20, 0x70, 0x6F, 0x73, 0x69, 0x74, 0x69, 0x6F, 0x6E, 0x3A, 0x20, 0x76, 0x65,
    0x63, 0x34, 0x66, 0x2C, 0x0A, 0x20, 0x20, 0x20, 0x20, 0x40, 0x6C, 0x6F, 0x63, 0x61, 0x74, 0x69,
    0x6F, 0x6E, 0x28, 0x30, 0x29, 0x20, 0x6C, 0x6F, 0x63, 0x61, 0x6C, 0x3A, 0x20, 0x76, 0x65, 0x63,
    0x32, 0x66, 0x2C, 0x0A, 0x20, 0x20, 0x20, 0x20, 0x40, 0x6C, 0x6F, 0x63, 0x61, 0x74, 0x69, 0x6F,
    0x6E, 0x28, 0x31, 0x29, 0x20, 0x40, 0x69, 0x6E, 0x74, 0x65, 0x72, 0x70, 0x6F, 0x6C, 0x61, 0x74,
    0x65, 0x28, 0x66, 0x6C, 0x61, 0x74, 0x29, 0x20, 0x69, 0x6E, 0x64, 0x65, 0x78, 0x3A, 0x20, 0x75,
    0x33, 0x32, 0x2C, 0x0A, 0x7D, 0x0A, 0x0A, 0x63, 0x6F, 0x6E, 0x73, 0x74, 0x20, 0x6B, 0x43, 0x6F,
    0x72, 0x6E, 0x65, 0x72, 0x73, 0x20, 0x3D, 0x20, 0x61, 0x72, 0x72, 0x61, 0x79, 0x3C, 0x76, 0x65,
    0x63, 0x32, 0x66, 0x2C, 0x20, 0x36, 0x3E, 0x28, 0x76, 0x65, 0x63, 0x32, 0x66, 0x28, 0x30, 0x2E,
    0x30, 0x2C, 0x20, 0x30, 0x2E, 0x30, 0x29, 0x2C, 0x20, 0x76, 0x65, 0x63, 0x32, 0x66, 0x28, 0x31,
    0x2E, 0x30, 0x2C, 0x20, 0x30, 0x2E, 0x30, 0x29, 0x2C, 0x20, 0x76, 0x65, 0x63, 0x32, 0x66, 0x28,
    0x30, 0x2E, 0x30, 0x2C, 0x20, 0x31, 0x2E, 0x30, 0x29, 0x2C, 0x0A, 0x20, 0x20, 0x20, 0x20, 0x20,
    0x20, 0x20, 0x20, 0x20, 0x20, 0x20, 0x20, 0x20, 0x20, 0x20, 0x20, 0x20, 0x20, 0x20, 0x20, 0x20,
    0x20, 0x20, 0x20, 0x20, 0x20, 0x20, 0x20, 0x20, 0x20, 0x20, 0x20, 0x20, 0x76, 0x65, 0x63, 0x32,
    0x66, 0x28, 0x30, 0x2E, 0x30, 0x2C, 0x20, 0x31, 0x2E, 0x30, 0x29, 0x2C, 0x20, 0x76, 0x65, 0x63,
    0x32, 0x66, 0x28, 0x31, 0x2E, 0x30, 0x2C, 0x20, 0x30, 0x2E, 0x30, 0x29, 0x2C, 0x20, 0x76, 0x65,
    0x63, 0x32, 0x66, 0x28, 0x31, 0x2E, 0x30, 0x2C, 0x20, 0x31, 0x2E, 0x30, 0x29, 0x29, 0x3B, 0x0A,
    0x0A, 0x40, 0x76, 0x65, 0x72, 0x74, 0x65, 0x78, 0x0A, 0x66, 0x6E, 0x20, 0x76, 0x73, 0x28, 0x40,
    0x62, 0x75, 0x69, 0x6C, 0x74, 0x69, 0x6E, 0x28, 0x76, 0x65, 0x72, 0x74, 0x65, 0x78, 0x5F, 0x69,
    0x6E, 0x64, 0x65, 0x78, 0x29, 0x20, 0x76, 0x65, 0x72, 0x74, 0x65, 0x78, 0x3A, 0x20, 0x75, 0x33,
    0x32, 0x2C, 0x20, 0x40, 0x62, 0x75, 0x69, 0x6C, 0x74, 0x69, 0x6E, 0x28, 0x69, 0x6E, 0x73, 0x74,
    0x61, 0x6E, 0x63, 0x65, 0x5F, 0x69, 0x6E, 0x64, 0x65, 0x78, 0x29, 0x20, 0x69, 0x6E, 0x73, 0x74,
    0x61, 0x6E, 0x63, 0x65, 0x3A, 0x20, 0x75, 0x33, 0x32, 0x29, 0x20, 0x2D, 0x3E, 0x20, 0x42, 0x65,
    0x74, 0x77, 0x65, 0x65, 0x6E, 0x20, 0x7B, 0x0A, 0x20, 0x20, 0x20, 0x20, 0x6C, 0x65, 0x74, 0x20,
    0x72, 0x65, 0x63, 0x74, 0x20, 0x3D, 0x20, 0x69, 0x6E, 0x73, 0x74, 0x61, 0x6E, 0x63, 0x65, 0x73,
    0x5B, 0x69, 0x6E, 0x73, 0x74, 0x61, 0x6E, 0x63, 0x65, 0x5D, 0x2E, 0x72, 0x65, 0x63, 0x74, 0x20,
    0x2A, 0x20, 0x72, 0x6F, 0x6F, 0x74, 0x2E, 0x66, 0x72, 0x61, 0x6D, 0x65, 0x2E, 0x7A, 0x3B, 0x0A,
    0x20, 0x20, 0x20, 0x20, 0x6C, 0x65, 0x74, 0x20, 0x63, 0x6F, 0x72, 0x6E, 0x65, 0x72, 0x20, 0x3D,
    0x20, 0x6B, 0x43, 0x6F, 0x72, 0x6E, 0x65, 0x72, 0x73, 0x5B, 0x76, 0x65, 0x72, 0x74, 0x65, 0x78,
    0x5D, 0x3B, 0x0A, 0x20, 0x20, 0x20, 0x20, 0x6C, 0x65, 0x74, 0x20, 0x6C, 0x6F, 0x63, 0x61, 0x6C,
    0x20, 0x3D, 0x20, 0x63, 0x6F, 0x72, 0x6E, 0x65, 0x72, 0x20, 0x2A, 0x20, 0x72, 0x65, 0x63, 0x74,
    0x2E, 0x7A, 0x77, 0x20, 0x2B, 0x20, 0x28, 0x63, 0x6F, 0x72, 0x6E, 0x65, 0x72, 0x20, 0x2A, 0x20,
    0x32, 0x2E, 0x30, 0x20, 0x2D, 0x20, 0x31, 0x2E, 0x30, 0x29, 0x3B, 0x0A, 0x20, 0x20, 0x20, 0x20,
    0x6C, 0x65, 0x74, 0x20, 0x70, 0x69, 0x78, 0x65, 0x6C, 0x20, 0x3D, 0x20, 0x72, 0x65, 0x63, 0x74,
    0x2E, 0x78, 0x79, 0x20, 0x2B, 0x20, 0x6C, 0x6F, 0x63, 0x61, 0x6C, 0x3B, 0x0A, 0x20, 0x20, 0x20,
    0x20, 0x76, 0x61, 0x72, 0x20, 0x6F, 0x75, 0x74, 0x3A, 0x20, 0x42, 0x65, 0x74, 0x77, 0x65, 0x65,
    0x6E, 0x3B, 0x0A, 0x20, 0x20, 0x20, 0x20, 0x6F, 0x75, 0x74, 0x2E, 0x6C, 0x6F, 0x63, 0x61, 0x6C,
    0x20, 0x3D, 0x20, 0x6C, 0x6F, 0x63, 0x61, 0x6C, 0x3B, 0x0A, 0x20, 0x20, 0x20, 0x20, 0x6F, 0x75,
    0x74, 0x2E, 0x69, 0x6E, 0x64, 0x65, 0x78, 0x20, 0x3D, 0x20, 0x69, 0x6E, 0x73, 0x74, 0x61, 0x6E,
    0x63, 0x65, 0x3B, 0x0A, 0x20, 0x20, 0x20, 0x20, 0x6F, 0x75, 0x74, 0x2E, 0x70, 0x6F, 0x73, 0x69,
    0x74, 0x69, 0x6F, 0x6E, 0x20, 0x3D, 0x20, 0x76, 0x65, 0x63, 0x34, 0x66, 0x28, 0x70, 0x69, 0x78,
    0x65, 0x6C, 0x2E, 0x78, 0x20, 0x2A, 0x20, 0x72, 0x6F, 0x6F, 0x74, 0x2E, 0x66, 0x72, 0x61, 0x6D,
    0x65, 0x2E, 0x78, 0x20, 0x2D, 0x20, 0x31, 0x2E, 0x30, 0x2C, 0x20, 0x31, 0x2E, 0x30, 0x20, 0x2D,
    0x20, 0x70, 0x69, 0x78, 0x65, 0x6C, 0x2E, 0x79, 0x20, 0x2A, 0x20, 0x72, 0x6F, 0x6F, 0x74, 0x2E,
    0x66, 0x72, 0x61, 0x6D, 0x65, 0x2E, 0x79, 0x2C, 0x20, 0x30, 0x2E, 0x30, 0x2C, 0x20, 0x31, 0x2E,
    0x30, 0x29, 0x3B, 0x0A, 0x20, 0x20, 0x20, 0x20, 0x72, 0x65, 0x74, 0x75, 0x72, 0x6E, 0x20, 0x6F,
    0x75, 0x74, 0x3B, 0x0A, 0x7D, 0x0A, 0x0A, 0x2F, 0x2F, 0x20, 0x54, 0x68, 0x65, 0x20, 0x73, 0x69,
    0x67, 0x6E, 0x65, 0x64, 0x20, 0x64, 0x69, 0x73, 0x74, 0x61, 0x6E, 0x63, 0x65, 0x20, 0x66, 0x72,
    0x6F, 0x6D, 0x20, 0x61, 0x20, 0x70, 0x6F, 0x69, 0x6E, 0x74, 0x2C, 0x20, 0x72, 0x65, 0x6C, 0x61,
    0x74, 0x69, 0x76, 0x65, 0x20, 0x74, 0x6F, 0x20, 0x61, 0x20, 0x72, 0x6F, 0x75, 0x6E, 0x64, 0x65,
    0x64, 0x20, 0x72, 0x65, 0x63, 0x74, 0x27, 0x73, 0x0A, 0x2F, 0x2F, 0x20, 0x63, 0x65, 0x6E, 0x74,
    0x65, 0x72, 0x2C, 0x20, 0x74, 0x6F, 0x20, 0x69, 0x74, 0x73, 0x20, 0x65, 0x64, 0x67, 0x65, 0x3B,
    0x20, 0x72, 0x61, 0x64, 0x69, 0x69, 0x20, 0x74, 0x6F, 0x70, 0x2D, 0x6C, 0x65, 0x66, 0x74, 0x2C,
    0x20, 0x74, 0x6F, 0x70, 0x2D, 0x72, 0x69, 0x67, 0x68, 0x74, 0x2C, 0x20, 0x62, 0x6F, 0x74, 0x74,
    0x6F, 0x6D, 0x2D, 0x72, 0x69, 0x67, 0x68, 0x74, 0x2C, 0x0A, 0x2F, 0x2F, 0x20, 0x62, 0x6F, 0x74,
    0x74, 0x6F, 0x6D, 0x2D, 0x6C, 0x65, 0x66, 0x74, 0x2C, 0x20, 0x79, 0x20, 0x64, 0x6F, 0x77, 0x6E,
    0x2E, 0x0A, 0x66, 0x6E, 0x20, 0x72, 0x6F, 0x75, 0x6E, 0x64, 0x65, 0x64, 0x52, 0x65, 0x63, 0x74,
    0x28, 0x70, 0x3A, 0x20, 0x76, 0x65, 0x63, 0x32, 0x66, 0x2C, 0x20, 0x65, 0x78, 0x74, 0x65, 0x6E,
    0x74, 0x3A, 0x20, 0x76, 0x65, 0x63, 0x32, 0x66, 0x2C, 0x20, 0x72, 0x61, 0x64, 0x69, 0x69, 0x3A,
    0x20, 0x76, 0x65, 0x63, 0x34, 0x66, 0x29, 0x20, 0x2D, 0x3E, 0x20, 0x66, 0x33, 0x32, 0x20, 0x7B,
    0x0A, 0x20, 0x20, 0x20, 0x20, 0x76, 0x61, 0x72, 0x20, 0x72, 0x20, 0x3D, 0x20, 0x73, 0x65, 0x6C,
    0x65, 0x63, 0x74, 0x28, 0x73, 0x65, 0x6C, 0x65, 0x63, 0x74, 0x28, 0x72, 0x61, 0x64, 0x69, 0x69,
    0x2E, 0x7A, 0x2C, 0x20, 0x72, 0x61, 0x64, 0x69, 0x69, 0x2E, 0x79, 0x2C, 0x20, 0x70, 0x2E, 0x79,
    0x20, 0x3C, 0x20, 0x30, 0x2E, 0x30, 0x29, 0x2C, 0x20, 0x73, 0x65, 0x6C, 0x65, 0x63, 0x74, 0x28,
    0x72, 0x61, 0x64, 0x69, 0x69, 0x2E, 0x77, 0x2C, 0x20, 0x72, 0x61, 0x64, 0x69, 0x69, 0x2E, 0x78,
    0x2C, 0x20, 0x70, 0x2E, 0x79, 0x20, 0x3C, 0x20, 0x30, 0x2E, 0x30, 0x29, 0x2C, 0x0A, 0x20, 0x20,
    0x20, 0x20, 0x20, 0x20, 0x20, 0x20, 0x20, 0x20, 0x20, 0x20, 0x20, 0x20, 0x20, 0x20, 0x20, 0x20,
    0x20, 0x70, 0x2E, 0x78, 0x20, 0x3C, 0x20, 0x30, 0x2E, 0x30, 0x29, 0x3B, 0x0A, 0x20, 0x20, 0x20,
    0x20, 0x72, 0x20, 0x3D, 0x20, 0x6D, 0x69, 0x6E, 0x28, 0x72, 0x2C, 0x20, 0x6D, 0x69, 0x6E, 0x28,
    0x65, 0x78, 0x74, 0x65, 0x6E, 0x74, 0x2E, 0x78, 0x2C, 0x20, 0x65, 0x78, 0x74, 0x65, 0x6E, 0x74,
    0x2E, 0x79, 0x29, 0x29, 0x3B, 0x0A, 0x20, 0x20, 0x20, 0x20, 0x6C, 0x65, 0x74, 0x20, 0x71, 0x20,
    0x3D, 0x20, 0x61, 0x62, 0x73, 0x28, 0x70, 0x29, 0x20, 0x2D, 0x20, 0x65, 0x78, 0x74, 0x65, 0x6E,
    0x74, 0x20, 0x2B, 0x20, 0x72, 0x3B, 0x0A, 0x20, 0x20, 0x20, 0x20, 0x72, 0x65, 0x74, 0x75, 0x72,
    0x6E, 0x20, 0x6D, 0x69, 0x6E, 0x28, 0x6D, 0x61, 0x78, 0x28, 0x71, 0x2E, 0x78, 0x2C, 0x20, 0x71,
    0x2E, 0x79, 0x29, 0x2C, 0x20, 0x30, 0x2E, 0x30, 0x29, 0x20, 0x2B, 0x20, 0x6C, 0x65, 0x6E, 0x67,
    0x74, 0x68, 0x28, 0x6D, 0x61, 0x78, 0x28, 0x71, 0x2C, 0x20, 0x76, 0x65, 0x63, 0x32, 0x66, 0x28,
    0x30, 0x2E, 0x30, 0x29, 0x29, 0x29, 0x20, 0x2D, 0x20, 0x72, 0x3B, 0x0A, 0x7D, 0x0A, 0x0A, 0x40,
    0x66, 0x72, 0x61, 0x67, 0x6D, 0x65, 0x6E, 0x74, 0x0A, 0x66, 0x6E, 0x20, 0x66, 0x73, 0x28, 0x69,
    0x6E, 0x3A, 0x20, 0x42, 0x65, 0x74, 0x77, 0x65, 0x65, 0x6E, 0x29, 0x20, 0x2D, 0x3E, 0x20, 0x40,
    0x6C, 0x6F, 0x63, 0x61, 0x74, 0x69, 0x6F, 0x6E, 0x28, 0x30, 0x29, 0x20, 0x76, 0x65, 0x63, 0x34,
    0x66, 0x20, 0x7B, 0x0A, 0x20, 0x20, 0x20, 0x20, 0x6C, 0x65, 0x74, 0x20, 0x73, 0x63, 0x61, 0x6C,
    0x65, 0x20, 0x3D, 0x20, 0x72, 0x6F, 0x6F, 0x74, 0x2E, 0x66, 0x72, 0x61, 0x6D, 0x65, 0x2E, 0x7A,
    0x3B, 0x0A, 0x20, 0x20, 0x20, 0x20, 0x6C, 0x65, 0x74, 0x20, 0x73, 0x69, 0x7A, 0x65, 0x20, 0x3D,
    0x20, 0x69, 0x6E, 0x73, 0x74, 0x61, 0x6E, 0x63, 0x65, 0x73, 0x5B, 0x69, 0x6E, 0x2E, 0x69, 0x6E,
    0x64, 0x65, 0x78, 0x5D, 0x2E, 0x72, 0x65, 0x63, 0x74, 0x2E, 0x7A, 0x77, 0x20, 0x2A, 0x20, 0x73,
    0x63, 0x61, 0x6C, 0x65, 0x3B, 0x0A, 0x20, 0x20, 0x20, 0x20, 0x6C, 0x65, 0x74, 0x20, 0x72, 0x61,
    0x64, 0x69, 0x69, 0x20, 0x3D, 0x20, 0x69, 0x6E, 0x73, 0x74, 0x61, 0x6E, 0x63, 0x65, 0x73, 0x5B,
    0x69, 0x6E, 0x2E, 0x69, 0x6E, 0x64, 0x65, 0x78, 0x5D, 0x2E, 0x72, 0x61, 0x64, 0x69, 0x69, 0x20,
    0x2A, 0x20, 0x73, 0x63, 0x61, 0x6C, 0x65, 0x3B, 0x0A, 0x20, 0x20, 0x20, 0x20, 0x2F, 0x2F, 0x20,
    0x54, 0x6F, 0x70, 0x2C, 0x20, 0x72, 0x69, 0x67, 0x68, 0x74, 0x2C, 0x20, 0x62, 0x6F, 0x74, 0x74,
    0x6F, 0x6D, 0x20, 0x61, 0x6E, 0x64, 0x20, 0x6C, 0x65, 0x66, 0x74, 0x2E, 0x0A, 0x20, 0x20, 0x20,
    0x20, 0x6C, 0x65, 0x74, 0x20, 0x77, 0x69, 0x64, 0x74, 0x68, 0x73, 0x20, 0x3D, 0x20, 0x69, 0x6E,
    0x73, 0x74, 0x61, 0x6E, 0x63, 0x65, 0x73, 0x5B, 0x69, 0x6E, 0x2E, 0x69, 0x6E, 0x64, 0x65, 0x78,
    0x5D, 0x2E, 0x77, 0x69, 0x64, 0x74, 0x68, 0x73, 0x20, 0x2A, 0x20, 0x73, 0x63, 0x61, 0x6C, 0x65,
    0x3B, 0x0A, 0x20, 0x20, 0x20, 0x20, 0x6C, 0x65, 0x74, 0x20, 0x6F, 0x75, 0x74, 0x65, 0x72, 0x20,
    0x3D, 0x20, 0x72, 0x6F, 0x75, 0x6E, 0x64, 0x65, 0x64, 0x52, 0x65, 0x63, 0x74, 0x28, 0x69, 0x6E,
    0x2E, 0x6C, 0x6F, 0x63, 0x61, 0x6C, 0x20, 0x2D, 0x20, 0x73, 0x69, 0x7A, 0x65, 0x20, 0x2A, 0x20,
    0x30, 0x2E, 0x35, 0x2C, 0x20, 0x73, 0x69, 0x7A, 0x65, 0x20, 0x2A, 0x20, 0x30, 0x2E, 0x35, 0x2C,
    0x20, 0x72, 0x61, 0x64, 0x69, 0x69, 0x29, 0x3B, 0x0A, 0x20, 0x20, 0x20, 0x20, 0x6C, 0x65, 0x74,
    0x20, 0x6C, 0x6F, 0x77, 0x20, 0x3D, 0x20, 0x76, 0x65, 0x63, 0x32, 0x66, 0x28, 0x77, 0x69, 0x64,
    0x74, 0x68, 0x73, 0x2E, 0x77, 0x2C, 0x20, 0x77, 0x69, 0x64, 0x74, 0x68, 0x73, 0x2E, 0x78, 0x29,
    0x3B, 0x0A, 0x20, 0x20, 0x20, 0x20, 0x6C, 0x65, 0x74, 0x20, 0x68, 0x69, 0x67, 0x68, 0x20, 0x3D,
    0x20, 0x6D, 0x61, 0x78, 0x28, 0x73, 0x69, 0x7A, 0x65, 0x20, 0x2D, 0x20, 0x76, 0x65, 0x63, 0x32,
    0x66, 0x28, 0x77, 0x69, 0x64, 0x74, 0x68, 0x73, 0x2E, 0x79, 0x2C, 0x20, 0x77, 0x69, 0x64, 0x74,
    0x68, 0x73, 0x2E, 0x7A, 0x29, 0x2C, 0x20, 0x6C, 0x6F, 0x77, 0x29, 0x3B, 0x0A, 0x20, 0x20, 0x20,
    0x20, 0x6C, 0x65, 0x74, 0x20, 0x69, 0x6E, 0x6E, 0x65, 0x72, 0x20, 0x3D, 0x20, 0x6D, 0x61, 0x78,
    0x28, 0x72, 0x61, 0x64, 0x69, 0x69, 0x20, 0x2D, 0x20, 0x76, 0x65, 0x63, 0x34, 0x66, 0x28, 0x6D,
    0x61, 0x78, 0x28, 0x77, 0x69, 0x64, 0x74, 0x68, 0x73, 0x2E, 0x77, 0x2C, 0x20, 0x77, 0x69, 0x64,
    0x74, 0x68, 0x73, 0x2E, 0x78, 0x29, 0x2C, 0x20, 0x6D, 0x61, 0x78, 0x28, 0x77, 0x69, 0x64, 0x74,
    0x68, 0x73, 0x2E, 0x78, 0x2C, 0x20, 0x77, 0x69, 0x64, 0x74, 0x68, 0x73, 0x2E, 0x79, 0x29, 0x2C,
    0x0A, 0x20, 0x20, 0x20, 0x20, 0x20, 0x20, 0x20, 0x20, 0x20, 0x20, 0x20, 0x20, 0x20, 0x20, 0x20,
    0x20, 0x20, 0x20, 0x20, 0x20, 0x20, 0x20, 0x20, 0x20, 0x20, 0x20, 0x20, 0x20, 0x20, 0x20, 0x20,
    0x20, 0x20, 0x20, 0x6D, 0x61, 0x78, 0x28, 0x77, 0x69, 0x64, 0x74, 0x68, 0x73, 0x2E, 0x79, 0x2C,
    0x20, 0x77, 0x69, 0x64, 0x74, 0x68, 0x73, 0x2E, 0x7A, 0x29, 0x2C, 0x20, 0x6D, 0x61, 0x78, 0x28,
    0x77, 0x69, 0x64, 0x74, 0x68, 0x73, 0x2E, 0x7A, 0x2C, 0x20, 0x77, 0x69, 0x64, 0x74, 0x68, 0x73,
    0x2E, 0x77, 0x29, 0x29, 0x2C, 0x0A, 0x20, 0x20, 0x20, 0x20, 0x20, 0x20, 0x20, 0x20, 0x20, 0x20,
    0x20, 0x20, 0x20, 0x20, 0x20, 0x20, 0x20, 0x20, 0x20, 0x20, 0x76, 0x65, 0x63, 0x34, 0x66, 0x28,
    0x30, 0x2E, 0x30, 0x29, 0x29, 0x3B, 0x0A, 0x20, 0x20, 0x20, 0x20, 0x6C, 0x65, 0x74, 0x20, 0x69,
    0x6E, 0x73, 0x69, 0x64, 0x65, 0x20, 0x3D, 0x20, 0x72, 0x6F, 0x75, 0x6E, 0x64, 0x65, 0x64, 0x52,
    0x65, 0x63, 0x74, 0x28, 0x69, 0x6E, 0x2E, 0x6C, 0x6F, 0x63, 0x61, 0x6C, 0x20, 0x2D, 0x20, 0x28,
    0x6C, 0x6F, 0x77, 0x20, 0x2B, 0x20, 0x68, 0x69, 0x67, 0x68, 0x29, 0x20, 0x2A, 0x20, 0x30, 0x2E,
    0x35, 0x2C, 0x20, 0x28, 0x68, 0x69, 0x67, 0x68, 0x20, 0x2D, 0x20, 0x6C, 0x6F, 0x77, 0x29, 0x20,
    0x2A, 0x20, 0x30, 0x2E, 0x35, 0x2C, 0x20, 0x69, 0x6E, 0x6E, 0x65, 0x72, 0x29, 0x3B, 0x0A, 0x20,
    0x20, 0x20, 0x20, 0x6C, 0x65, 0x74, 0x20, 0x63, 0x6F, 0x76, 0x65, 0x72, 0x65, 0x64, 0x20, 0x3D,
    0x20, 0x63, 0x6C, 0x61, 0x6D, 0x70, 0x28, 0x30, 0x2E, 0x35, 0x20, 0x2D, 0x20, 0x6F, 0x75, 0x74,
    0x65, 0x72, 0x2C, 0x20, 0x30, 0x2E, 0x30, 0x2C, 0x20, 0x31, 0x2E, 0x30, 0x29, 0x3B, 0x0A, 0x20,
    0x20, 0x20, 0x20, 0x6C, 0x65, 0x74, 0x20, 0x66, 0x69, 0x6C, 0x6C, 0x20, 0x3D, 0x20, 0x6D, 0x69,
    0x6E, 0x28, 0x63, 0x6C, 0x61, 0x6D, 0x70, 0x28, 0x30, 0x2E, 0x35, 0x20, 0x2D, 0x20, 0x69, 0x6E,
    0x73, 0x69, 0x64, 0x65, 0x2C, 0x20, 0x30, 0x2E, 0x30, 0x2C, 0x20, 0x31, 0x2E, 0x30, 0x29, 0x2C,
    0x20, 0x63, 0x6F, 0x76, 0x65, 0x72, 0x65, 0x64, 0x29, 0x3B, 0x0A, 0x20, 0x20, 0x20, 0x20, 0x2F,
    0x2F, 0x20, 0x54, 0x68, 0x65, 0x20, 0x73, 0x69, 0x64, 0x65, 0x20, 0x6E, 0x65, 0x61, 0x72, 0x65,
    0x73, 0x74, 0x2C, 0x20, 0x69, 0x6E, 0x20, 0x69, 0x74, 0x73, 0x20, 0x6F, 0x77, 0x6E, 0x20, 0x77,
    0x69, 0x64, 0x74, 0x68, 0x2E, 0x0A, 0x20, 0x20, 0x20, 0x20, 0x6C, 0x65, 0x74, 0x20, 0x72, 0x65,
    0x61, 0x63, 0x68, 0x20, 0x3D, 0x20, 0x76, 0x65, 0x63, 0x34, 0x66, 0x28, 0x69, 0x6E, 0x2E, 0x6C,
    0x6F, 0x63, 0x61, 0x6C, 0x2E, 0x79, 0x2C, 0x20, 0x73, 0x69, 0x7A, 0x65, 0x2E, 0x78, 0x20, 0x2D,
    0x20, 0x69, 0x6E, 0x2E, 0x6C, 0x6F, 0x63, 0x61, 0x6C, 0x2E, 0x78, 0x2C, 0x20, 0x73, 0x69, 0x7A,
    0x65, 0x2E, 0x79, 0x20, 0x2D, 0x20, 0x69, 0x6E, 0x2E, 0x6C, 0x6F, 0x63, 0x61, 0x6C, 0x2E, 0x79,
    0x2C, 0x20, 0x69, 0x6E, 0x2E, 0x6C, 0x6F, 0x63, 0x61, 0x6C, 0x2E, 0x78, 0x29, 0x20, 0x2F, 0x0A,
    0x20, 0x20, 0x20, 0x20, 0x20, 0x20, 0x20, 0x20, 0x20, 0x20, 0x20, 0x20, 0x20, 0x20, 0x20, 0x20,
    0x6D, 0x61, 0x78, 0x28, 0x77, 0x69, 0x64, 0x74, 0x68, 0x73, 0x2C, 0x20, 0x76, 0x65, 0x63, 0x34,
    0x66, 0x28, 0x31, 0x65, 0x2D, 0x34, 0x29, 0x29, 0x3B, 0x0A, 0x20, 0x20, 0x20, 0x20, 0x76, 0x61,
    0x72, 0x20, 0x73, 0x69, 0x64, 0x65, 0x20, 0x3D, 0x20, 0x30, 0x75, 0x3B, 0x0A, 0x20, 0x20, 0x20,
    0x20, 0x73, 0x69, 0x64, 0x65, 0x20, 0x3D, 0x20, 0x73, 0x65, 0x6C, 0x65, 0x63, 0x74, 0x28, 0x73,
    0x69, 0x64, 0x65, 0x2C, 0x20, 0x31, 0x75, 0x2C, 0x20, 0x72, 0x65, 0x61, 0x63, 0x68, 0x2E, 0x79,
    0x20, 0x3C, 0x20, 0x72, 0x65, 0x61, 0x63, 0x68, 0x5B, 0x73, 0x69, 0x64, 0x65, 0x5D, 0x29, 0x3B,
    0x0A, 0x20, 0x20, 0x20, 0x20, 0x73, 0x69, 0x64, 0x65, 0x20, 0x3D, 0x20, 0x73, 0x65, 0x6C, 0x65,
    0x63, 0x74, 0x28, 0x73, 0x69, 0x64, 0x65, 0x2C, 0x20, 0x32, 0x75, 0x2C, 0x20, 0x72, 0x65, 0x61,
    0x63, 0x68, 0x2E, 0x7A, 0x20, 0x3C, 0x20, 0x72, 0x65, 0x61, 0x63, 0x68, 0x5B, 0x73, 0x69, 0x64,
    0x65, 0x5D, 0x29, 0x3B, 0x0A, 0x20, 0x20, 0x20, 0x20, 0x73, 0x69, 0x64, 0x65, 0x20, 0x3D, 0x20,
    0x73, 0x65, 0x6C, 0x65, 0x63, 0x74, 0x28, 0x73, 0x69, 0x64, 0x65, 0x2C, 0x20, 0x33, 0x75, 0x2C,
    0x20, 0x72, 0x65, 0x61, 0x63, 0x68, 0x2E, 0x77, 0x20, 0x3C, 0x20, 0x72, 0x65, 0x61, 0x63, 0x68,
    0x5B, 0x73, 0x69, 0x64, 0x65, 0x5D, 0x29, 0x3B, 0x0A, 0x20, 0x20, 0x20, 0x20, 0x72, 0x65, 0x74,
    0x75, 0x72, 0x6E, 0x20, 0x69, 0x6E, 0x73, 0x74, 0x61, 0x6E, 0x63, 0x65, 0x73, 0x5B, 0x69, 0x6E,
    0x2E, 0x69, 0x6E, 0x64, 0x65, 0x78, 0x5D, 0x2E, 0x66, 0x69, 0x6C, 0x6C, 0x20, 0x2A, 0x20, 0x66,
    0x69, 0x6C, 0x6C, 0x20, 0x2B, 0x20, 0x69, 0x6E, 0x73, 0x74, 0x61, 0x6E, 0x63, 0x65, 0x73, 0x5B,
    0x69, 0x6E, 0x2E, 0x69, 0x6E, 0x64, 0x65, 0x78, 0x5D, 0x2E, 0x63, 0x6F, 0x6C, 0x6F, 0x72, 0x73,
    0x5B, 0x73, 0x69, 0x64, 0x65, 0x5D, 0x20, 0x2A, 0x20, 0x28, 0x63, 0x6F, 0x76, 0x65, 0x72, 0x65,
    0x64, 0x20, 0x2D, 0x20, 0x66, 0x69, 0x6C, 0x6C, 0x29, 0x3B, 0x0A, 0x7D, 0x0A, 0x00, 0x00, 0x00,
    0x00, 0x00, 0x00, 0x00, 0x01, 0x02, 0x01, 0x01, 0x01, 0x00, 0x00, 0x00, 0x04, 0x01, 0x03, 0x04,
    0x00, 0x00, 0x00, 0x00, 0x01, 0x02, 0x01, 0x01, 0x01, 0x00, 0x00, 0x00, 0x04, 0x01, 0x03, 0x04,
    0x00, 0x00, 0x00, 0x00, 0x00, 0x00, 0x00, 0x00, 0x00, 0x00, 0x00, 0x00, 0x71, 0x08, 0x00, 0x00,
    0xFF, 0x00, 0x00, 0x00, 0x00, 0x00, 0x00, 0x00, 0x71, 0x08, 0x00, 0x00, 0x46, 0x0F, 0x00, 0x00,
    0xFF, 0x00, 0x00, 0x00, 0x00, 0x00, 0x00, 0x00, 0x01, 0x00, 0x00, 0x00, 0x00, 0x00, 0x00, 0x00,
    0x23, 0x70, 0x72, 0x61, 0x67, 0x6D, 0x61, 0x20, 0x63, 0x6C, 0x61, 0x6E, 0x67, 0x20, 0x64, 0x69,
    0x61, 0x67, 0x6E, 0x6F, 0x73, 0x74, 0x69, 0x63, 0x20, 0x69, 0x67, 0x6E, 0x6F, 0x72, 0x65, 0x64,
    0x20, 0x22, 0x2D, 0x57, 0x6D, 0x69, 0x73, 0x73, 0x69, 0x6E, 0x67, 0x2D, 0x70, 0x72, 0x6F, 0x74,
    0x6F, 0x74, 0x79, 0x70, 0x65, 0x73, 0x22, 0x0A, 0x23, 0x70, 0x72, 0x61, 0x67, 0x6D, 0x61, 0x20,
    0x63, 0x6C, 0x61, 0x6E, 0x67, 0x20, 0x64, 0x69, 0x61, 0x67, 0x6E, 0x6F, 0x73, 0x74, 0x69, 0x63,
    0x20, 0x69, 0x67, 0x6E, 0x6F, 0x72, 0x65, 0x64, 0x20, 0x22, 0x2D, 0x57, 0x6D, 0x69, 0x73, 0x73,
    0x69, 0x6E, 0x67, 0x2D, 0x62, 0x72, 0x61, 0x63, 0x65, 0x73, 0x22, 0x0A, 0x0A, 0x23, 0x69, 0x6E,
    0x63, 0x6C, 0x75, 0x64, 0x65, 0x20, 0x3C, 0x6D, 0x65, 0x74, 0x61, 0x6C, 0x5F, 0x73, 0x74, 0x64,
    0x6C, 0x69, 0x62, 0x3E, 0x0A, 0x23, 0x69, 0x6E, 0x63, 0x6C, 0x75, 0x64, 0x65, 0x20, 0x3C, 0x73,
    0x69, 0x6D, 0x64, 0x2F, 0x73, 0x69, 0x6D, 0x64, 0x2E, 0x68, 0x3E, 0x0A, 0x0A, 0x75, 0x73, 0x69,
    0x6E, 0x67, 0x20, 0x6E, 0x61, 0x6D, 0x65, 0x73, 0x70, 0x61, 0x63, 0x65, 0x20, 0x6D, 0x65, 0x74,
    0x61, 0x6C, 0x3B, 0x0A, 0x0A, 0x74, 0x65, 0x6D, 0x70, 0x6C, 0x61, 0x74, 0x65, 0x3C, 0x74, 0x79,
    0x70, 0x65, 0x6E, 0x61, 0x6D, 0x65, 0x20, 0x54, 0x2C, 0x20, 0x73, 0x69, 0x7A, 0x65, 0x5F, 0x74,
    0x20, 0x4E, 0x75, 0x6D, 0x3E, 0x0A, 0x73, 0x74, 0x72, 0x75, 0x63, 0x74, 0x20, 0x73, 0x70, 0x76,
    0x55, 0x6E, 0x73, 0x61, 0x66, 0x65, 0x41, 0x72, 0x72, 0x61, 0x79, 0x0A, 0x7B, 0x0A, 0x20, 0x20,
    0x20, 0x20, 0x54, 0x20, 0x65, 0x6C, 0x65, 0x6D, 0x65, 0x6E, 0x74, 0x73, 0x5B, 0x4E, 0x75, 0x6D,
    0x20, 0x3F, 0x20, 0x4E, 0x75, 0x6D, 0x20, 0x3A, 0x20, 0x31, 0x5D, 0x3B, 0x0A, 0x20, 0x20, 0x20,
    0x20, 0x0A, 0x20, 0x20, 0x20, 0x20, 0x74, 0x68, 0x72, 0x65, 0x61, 0x64, 0x20, 0x54, 0x26, 0x20,
    0x6F, 0x70, 0x65, 0x72, 0x61, 0x74, 0x6F, 0x72, 0x20, 0x5B, 0x5D, 0x20, 0x28, 0x73, 0x69, 0x7A,
    0x65, 0x5F, 0x74, 0x20, 0x70, 0x6F, 0x73, 0x29, 0x20, 0x74, 0x68, 0x72, 0x65, 0x61, 0x64, 0x0A,
    0x20, 0x20, 0x20, 0x20, 0x7B, 0x0A, 0x20, 0x20, 0x20, 0x20, 0x20, 0x20, 0x20, 0x20, 0x72, 0x65,
    0x74, 0x75, 0x72, 0x6E, 0x20, 0x65, 0x6C, 0x65, 0x6D, 0x65, 0x6E, 0x74, 0x73, 0x5B, 0x70, 0x6F,
    0x73, 0x5D, 0x3B, 0x0A, 0x20, 0x20, 0x20, 0x20, 0x7D, 0x0A, 0x20, 0x20, 0x20, 0x20, 0x63, 0x6F,
    0x6E, 0x73, 0x74, 0x65, 0x78, 0x70, 0x72, 0x20, 0x63, 0x6F, 0x6E, 0x73, 0x74, 0x20, 0x74, 0x68,
    0x72, 0x65, 0x61, 0x64, 0x20, 0x54, 0x26, 0x20, 0x6F, 0x70, 0x65, 0x72, 0x61, 0x74, 0x6F, 0x72,
    0x20, 0x5B, 0x5D, 0x20, 0x28, 0x73, 0x69, 0x7A, 0x65, 0x5F, 0x74, 0x20, 0x70, 0x6F, 0x73, 0x29,
    0x20, 0x63, 0x6F, 0x6E, 0x73, 0x74, 0x20, 0x74, 0x68, 0x72, 0x65, 0x61, 0x64, 0x0A, 0x20, 0x20,
    0x20, 0x20, 0x7B, 0x0A, 0x20, 0x20, 0x20, 0x20, 0x20, 0x20, 0x20, 0x20, 0x72, 0x65, 0x74, 0x75,
    0x72, 0x6E, 0x20, 0x65, 0x6C, 0x65, 0x6D, 0x65, 0x6E, 0x74, 0x73, 0x5B, 0x70, 0x6F, 0x73, 0x5D,
    0x3B, 0x0A, 0x20, 0x20, 0x20, 0x20, 0x7D, 0x0A, 0x20, 0x20, 0x20, 0x20, 0x0A, 0x20, 0x20, 0x20,
    0x20, 0x64, 0x65, 0x76, 0x69, 0x63, 0x65, 0x20, 0x54, 0x26, 0x20, 0x6F, 0x70, 0x65, 0x72, 0x61,
    0x74, 0x6F, 0x72, 0x20, 0x5B, 0x5D, 0x20, 0x28, 0x73, 0x69, 0x7A, 0x65, 0x5F, 0x74, 0x20, 0x70,
    0x6F, 0x73, 0x29, 0x20, 0x64, 0x65, 0x76, 0x69, 0x63, 0x65, 0x0A, 0x20, 0x20, 0x20, 0x20, 0x7B,
    0x0A, 0x20, 0x20, 0x20, 0x20, 0x20, 0x20, 0x20, 0x20, 0x72, 0x65, 0x74, 0x75, 0x72, 0x6E, 0x20,
    0x65, 0x6C, 0x65, 0x6D, 0x65, 0x6E, 0x74, 0x73, 0x5B, 0x70, 0x6F, 0x73, 0x5D, 0x3B, 0x0A, 0x20,
    0x20, 0x20, 0x20, 0x7D, 0x0A, 0x20, 0x20, 0x20, 0x20, 0x63, 0x6F, 0x6E, 0x73, 0x74, 0x65, 0x78,
    0x70, 0x72, 0x20, 0x63, 0x6F, 0x6E, 0x73, 0x74, 0x20, 0x64, 0x65, 0x76, 0x69, 0x63, 0x65, 0x20,
    0x54, 0x26, 0x20, 0x6F, 0x70, 0x65, 0x72, 0x61, 0x74, 0x6F, 0x72, 0x20, 0x5B, 0x5D, 0x20, 0x28,
    0x73, 0x69, 0x7A, 0x65, 0x5F, 0x74, 0x20, 0x70, 0x6F, 0x73, 0x29, 0x20, 0x63, 0x6F, 0x6E, 0x73,
    0x74, 0x20, 0x64, 0x65, 0x76, 0x69, 0x63, 0x65, 0x0A, 0x20, 0x20, 0x20, 0x20, 0x7B, 0x0A, 0x20,
    0x20, 0x20, 0x20, 0x20, 0x20, 0x20, 0x20, 0x72, 0x65, 0x74, 0x75, 0x72, 0x6E, 0x20, 0x65, 0x6C,
    0x65, 0x6D, 0x65, 0x6E, 0x74, 0x73, 0x5B, 0x70, 0x6F, 0x73, 0x5D, 0x3B, 0x0A, 0x20, 0x20, 0x20,
    0x20, 0x7D, 0x0A, 0x20, 0x20, 0x20, 0x20, 0x0A, 0x20, 0x20, 0x20, 0x20, 0x63, 0x6F, 0x6E, 0x73,
    0x74, 0x65, 0x78, 0x70, 0x72, 0x20, 0x63, 0x6F, 0x6E, 0x73, 0x74, 0x20, 0x63, 0x6F, 0x6E, 0x73,
    0x74, 0x61, 0x6E, 0x74, 0x20, 0x54, 0x26, 0x20, 0x6F, 0x70, 0x65, 0x72, 0x61, 0x74, 0x6F, 0x72,
    0x20, 0x5B, 0x5D, 0x20, 0x28, 0x73, 0x69, 0x7A, 0x65, 0x5F, 0x74, 0x20, 0x70, 0x6F, 0x73, 0x29,
    0x20, 0x63, 0x6F, 0x6E, 0x73, 0x74, 0x20, 0x63, 0x6F, 0x6E, 0x73, 0x74, 0x61, 0x6E, 0x74, 0x0A,
    0x20, 0x20, 0x20, 0x20, 0x7B, 0x0A, 0x20, 0x20, 0x20, 0x20, 0x20, 0x20, 0x20, 0x20, 0x72, 0x65,
    0x74, 0x75, 0x72, 0x6E, 0x20, 0x65, 0x6C, 0x65, 0x6D, 0x65, 0x6E, 0x74, 0x73, 0x5B, 0x70, 0x6F,
    0x73, 0x5D, 0x3B, 0x0A, 0x20, 0x20, 0x20, 0x20, 0x7D, 0x0A, 0x20, 0x20, 0x20, 0x20, 0x0A, 0x20,
    0x20, 0x20, 0x20, 0x74, 0x68, 0x72, 0x65, 0x61, 0x64, 0x67, 0x72, 0x6F, 0x75, 0x70, 0x20, 0x54,
    0x26, 0x20, 0x6F, 0x70, 0x65, 0x72, 0x61, 0x74, 0x6F, 0x72, 0x20, 0x5B, 0x5D, 0x20, 0x28, 0x73,
    0x69, 0x7A, 0x65, 0x5F, 0x74, 0x20, 0x70, 0x6F, 0x73, 0x29, 0x20, 0x74, 0x68, 0x72, 0x65, 0x61,
    0x64, 0x67, 0x72, 0x6F, 0x75, 0x70, 0x0A, 0x20, 0x20, 0x20, 0x20, 0x7B, 0x0A, 0x20, 0x20, 0x20,
    0x20, 0x20, 0x20, 0x20, 0x20, 0x72, 0x65, 0x74, 0x75, 0x72, 0x6E, 0x20, 0x65, 0x6C, 0x65, 0x6D,
    0x65, 0x6E, 0x74, 0x73, 0x5B, 0x70, 0x6F, 0x73, 0x5D, 0x3B, 0x0A, 0x20, 0x20, 0x20, 0x20, 0x7D,
    0x0A, 0x20, 0x20, 0x20, 0x20, 0x63, 0x6F, 0x6E, 0x73, 0x74, 0x65, 0x78, 0x70, 0x72, 0x20, 0x63,
    0x6F, 0x6E, 0x73, 0x74, 0x20, 0x74, 0x68, 0x72, 0x65, 0x61, 0x64, 0x67, 0x72, 0x6F, 0x75, 0x70,
    0x20, 0x54, 0x26, 0x20, 0x6F, 0x70, 0x65, 0x72, 0x61, 0x74, 0x6F, 0x72, 0x20, 0x5B, 0x5D, 0x20,
    0x28, 0x73, 0x69, 0x7A, 0x65, 0x5F, 0x74, 0x20, 0x70, 0x6F, 0x73, 0x29, 0x20, 0x63, 0x6F, 0x6E,
    0x73, 0x74, 0x20, 0x74, 0x68, 0x72, 0x65, 0x61, 0x64, 0x67, 0x72, 0x6F, 0x75, 0x70, 0x0A, 0x20,
    0x20, 0x20, 0x20, 0x7B, 0x0A, 0x20, 0x20, 0x20, 0x20, 0x20, 0x20, 0x20, 0x20, 0x72, 0x65, 0x74,
    0x75, 0x72, 0x6E, 0x20, 0x65, 0x6C, 0x65, 0x6D, 0x65, 0x6E, 0x74, 0x73, 0x5B, 0x70, 0x6F, 0x73,
    0x5D, 0x3B, 0x0A, 0x20, 0x20, 0x20, 0x20, 0x7D, 0x0A, 0x7D, 0x3B, 0x0A, 0x0A, 0x73, 0x74, 0x72,
    0x75, 0x63, 0x74, 0x20, 0x49, 0x6E, 0x73, 0x74, 0x61, 0x6E, 0x63, 0x65, 0x0A, 0x7B, 0x0A, 0x20,
    0x20, 0x20, 0x20, 0x66, 0x6C, 0x6F, 0x61, 0x74, 0x34, 0x20, 0x72, 0x65, 0x63, 0x74, 0x3B, 0x0A,
    0x20, 0x20, 0x20, 0x20, 0x66, 0x6C, 0x6F, 0x61, 0x74, 0x34, 0x20, 0x72, 0x61, 0x64, 0x69, 0x69,
    0x3B, 0x0A, 0x20, 0x20, 0x20, 0x20, 0x66, 0x6C, 0x6F, 0x61, 0x74, 0x34, 0x20, 0x66, 0x69, 0x6C,
    0x6C, 0x3B, 0x0A, 0x20, 0x20, 0x20, 0x20, 0x66, 0x6C, 0x6F, 0x61, 0x74, 0x34, 0x20, 0x77, 0x69,
    0x64, 0x74, 0x68, 0x73, 0x3B, 0x0A, 0x20, 0x20, 0x20, 0x20, 0x66, 0x6C, 0x6F, 0x61, 0x74, 0x34,
    0x20, 0x63, 0x6F, 0x6C, 0x6F, 0x72, 0x73, 0x5B, 0x34, 0x5D, 0x3B, 0x0A, 0x20, 0x20, 0x20, 0x20,
    0x75, 0x69, 0x6E, 0x74, 0x34, 0x20, 0x6D, 0x65, 0x74, 0x61, 0x3B, 0x0A, 0x7D, 0x3B, 0x0A, 0x0A,
    0x73, 0x74, 0x72, 0x75, 0x63, 0x74, 0x20, 0x49, 0x6E, 0x73, 0x74, 0x61, 0x6E, 0x63, 0x65, 0x73,
    0x0A, 0x7B, 0x0A, 0x20, 0x20, 0x20, 0x20, 0x49, 0x6E, 0x73, 0x74, 0x61, 0x6E, 0x63, 0x65, 0x20,
    0x69, 0x74, 0x65, 0x6D, 0x73, 0x5B, 0x31, 0x5D, 0x3B, 0x0A, 0x7D, 0x3B, 0x0A, 0x0A, 0x73, 0x74,
    0x72, 0x75, 0x63, 0x74, 0x20, 0x52, 0x6F, 0x6F, 0x74, 0x0A, 0x7B, 0x0A, 0x20, 0x20, 0x20, 0x20,
    0x66, 0x6C, 0x6F, 0x61, 0x74, 0x34, 0x20, 0x66, 0x72, 0x61, 0x6D, 0x65, 0x3B, 0x0A, 0x7D, 0x3B,
    0x0A, 0x0A, 0x63, 0x6F, 0x6E, 0x73, 0x74, 0x61, 0x6E, 0x74, 0x20, 0x73, 0x70, 0x76, 0x55, 0x6E,
    0x73, 0x61, 0x66, 0x65, 0x41, 0x72, 0x72, 0x61, 0x79, 0x3C, 0x66, 0x6C, 0x6F, 0x61, 0x74, 0x32,
    0x2C, 0x20, 0x36, 0x3E, 0x20, 0x5F, 0x37, 0x38, 0x20, 0x3D, 0x20, 0x73, 0x70, 0x76, 0x55, 0x6E,
    0x73, 0x61, 0x66, 0x65, 0x41, 0x72, 0x72, 0x61, 0x79, 0x3C, 0x66, 0x6C, 0x6F, 0x61, 0x74, 0x32,
    0x2C, 0x20, 0x36, 0x3E, 0x28, 0x7B, 0x20, 0x66, 0x6C, 0x6F, 0x61, 0x74, 0x32, 0x28, 0x30, 0x2E,
    0x30, 0x29, 0x2C, 0x20, 0x66, 0x6C, 0x6F, 0x61, 0x74, 0x32, 0x28, 0x31, 0x2E, 0x30, 0x2C, 0x20,
    0x30, 0x2E, 0x30, 0x29, 0x2C, 0x20, 0x66, 0x6C, 0x6F, 0x61, 0x74, 0x32, 0x28, 0x30, 0x2E, 0x30,
    0x2C, 0x20, 0x31, 0x2E, 0x30, 0x29, 0x2C, 0x20, 0x66, 0x6C, 0x6F, 0x61, 0x74, 0x32, 0x28, 0x30,
    0x2E, 0x30, 0x2C, 0x20, 0x31, 0x2E, 0x30, 0x29, 0x2C, 0x20, 0x66, 0x6C, 0x6F, 0x61, 0x74, 0x32,
    0x28, 0x31, 0x2E, 0x30, 0x2C, 0x20, 0x30, 0x2E, 0x30, 0x29, 0x2C, 0x20, 0x66, 0x6C, 0x6F, 0x61,
    0x74, 0x32, 0x28, 0x31, 0x2E, 0x30, 0x29, 0x20, 0x7D, 0x29, 0x3B, 0x0A, 0x0A, 0x73, 0x74, 0x72,
    0x75, 0x63, 0x74, 0x20, 0x76, 0x73, 0x5F, 0x6F, 0x75, 0x74, 0x0A, 0x7B, 0x0A, 0x20, 0x20, 0x20,
    0x20, 0x66, 0x6C, 0x6F, 0x61, 0x74, 0x32, 0x20, 0x6F, 0x75, 0x74, 0x4C, 0x6F, 0x63, 0x61, 0x6C,
    0x20, 0x5B, 0x5B, 0x75, 0x73, 0x65, 0x72, 0x28, 0x6C, 0x6F, 0x63, 0x6E, 0x30, 0x29, 0x5D, 0x5D,
    0x3B, 0x0A, 0x20, 0x20, 0x20, 0x20, 0x75, 0x69, 0x6E, 0x74, 0x20, 0x6F, 0x75, 0x74, 0x49, 0x6E,
    0x64, 0x65, 0x78, 0x20, 0x5B, 0x5B, 0x75, 0x73, 0x65, 0x72, 0x28, 0x6C, 0x6F, 0x63, 0x6E, 0x31,
    0x29, 0x5D, 0x5D, 0x3B, 0x0A, 0x20, 0x20, 0x20, 0x20, 0x66, 0x6C, 0x6F, 0x61, 0x74, 0x34, 0x20,
    0x67, 0x6C, 0x5F, 0x50, 0x6F, 0x73, 0x69, 0x74, 0x69, 0x6F, 0x6E, 0x20, 0x5B, 0x5B, 0x70, 0x6F,
    0x73, 0x69, 0x74, 0x69, 0x6F, 0x6E, 0x5D, 0x5D, 0x3B, 0x0A, 0x7D, 0x3B, 0x0A, 0x0A, 0x76, 0x65,
    0x72, 0x74, 0x65, 0x78, 0x20, 0x76, 0x73, 0x5F, 0x6F, 0x75, 0x74, 0x20, 0x76, 0x73, 0x28, 0x63,
    0x6F, 0x6E, 0x73, 0x74, 0x61, 0x6E, 0x74, 0x20, 0x52, 0x6F, 0x6F, 0x74, 0x26, 0x20, 0x72, 0x6F,
    0x6F, 0x74, 0x20, 0x5B, 0x5B, 0x62, 0x75, 0x66, 0x66, 0x65, 0x72, 0x28, 0x30, 0x29, 0x5D, 0x5D,
    0x2C, 0x20, 0x63, 0x6F, 0x6E, 0x73, 0x74, 0x20, 0x64, 0x65, 0x76, 0x69, 0x63, 0x65, 0x20, 0x49,
    0x6E, 0x73, 0x74, 0x61, 0x6E, 0x63, 0x65, 0x73, 0x26, 0x20, 0x69, 0x6E, 0x73, 0x74, 0x61, 0x6E,
    0x63, 0x65, 0x73, 0x20, 0x5B, 0x5B, 0x62, 0x75, 0x66, 0x66, 0x65, 0x72, 0x28, 0x31, 0x29, 0x5D,
    0x5D, 0x2C, 0x20, 0x75, 0x69, 0x6E, 0x74, 0x20, 0x67, 0x6C, 0x5F, 0x49, 0x6E, 0x73, 0x74, 0x61,
    0x6E, 0x63, 0x65, 0x49, 0x6E, 0x64, 0x65, 0x78, 0x20, 0x5B, 0x5B, 0x69, 0x6E, 0x73, 0x74, 0x61,
    0x6E, 0x63, 0x65, 0x5F, 0x69, 0x64, 0x5D, 0x5D, 0x2C, 0x20, 0x75, 0x69, 0x6E, 0x74, 0x20, 0x67,
    0x6C, 0x5F, 0x56, 0x65, 0x72, 0x74, 0x65, 0x78, 0x49, 0x6E, 0x64, 0x65, 0x78, 0x20, 0x5B, 0x5B,
    0x76, 0x65, 0x72, 0x74, 0x65, 0x78, 0x5F, 0x69, 0x64, 0x5D, 0x5D, 0x29, 0x0A, 0x7B, 0x0A, 0x20,
    0x20, 0x20, 0x20, 0x76, 0x73, 0x5F, 0x6F, 0x75, 0x74, 0x20, 0x6F, 0x75, 0x74, 0x20, 0x3D, 0x20,
    0x7B, 0x7D, 0x3B, 0x0A, 0x20, 0x20, 0x20, 0x20, 0x66, 0x6C, 0x6F, 0x61, 0x74, 0x34, 0x20, 0x72,
    0x65, 0x63, 0x74, 0x20, 0x3D, 0x20, 0x69, 0x6E, 0x73, 0x74, 0x61, 0x6E, 0x63, 0x65, 0x73, 0x2E,
    0x69, 0x74, 0x65, 0x6D, 0x73, 0x5B, 0x69, 0x6E, 0x74, 0x28, 0x67, 0x6C, 0x5F, 0x49, 0x6E, 0x73,
    0x74, 0x61, 0x6E, 0x63, 0x65, 0x49, 0x6E, 0x64, 0x65, 0x78, 0x29, 0x5D, 0x2E, 0x72, 0x65, 0x63,
    0x74, 0x20, 0x2A, 0x20, 0x72, 0x6F, 0x6F, 0x74, 0x2E, 0x66, 0x72, 0x61, 0x6D, 0x65, 0x2E, 0x7A,
    0x3B, 0x0A, 0x20, 0x20, 0x20, 0x20, 0x66, 0x6C, 0x6F, 0x61, 0x74, 0x32, 0x20, 0x63, 0x6F, 0x72,
    0x6E, 0x65, 0x72, 0x20, 0x3D, 0x20, 0x5F, 0x37, 0x38, 0x5B, 0x69, 0x6E, 0x74, 0x28, 0x67, 0x6C,
    0x5F, 0x56, 0x65, 0x72, 0x74, 0x65, 0x78, 0x49, 0x6E, 0x64, 0x65, 0x78, 0x29, 0x5D, 0x3B, 0x0A,
    0x20, 0x20, 0x20, 0x20, 0x66, 0x6C, 0x6F, 0x61, 0x74, 0x32, 0x20, 0x6C, 0x6F, 0x63, 0x61, 0x6C,
    0x20, 0x3D, 0x20, 0x28, 0x63, 0x6F, 0x72, 0x6E, 0x65, 0x72, 0x20, 0x2A, 0x20, 0x72, 0x65, 0x63,
    0x74, 0x2E, 0x7A, 0x77, 0x29, 0x20, 0x2B, 0x20, 0x28, 0x28, 0x63, 0x6F, 0x72, 0x6E, 0x65, 0x72,
    0x20, 0x2A, 0x20, 0x32, 0x2E, 0x30, 0x29, 0x20, 0x2D, 0x20, 0x66, 0x6C, 0x6F, 0x61, 0x74, 0x32,
    0x28, 0x31, 0x2E, 0x30, 0x29, 0x29, 0x3B, 0x0A, 0x20, 0x20, 0x20, 0x20, 0x66, 0x6C, 0x6F, 0x61,
    0x74, 0x32, 0x20, 0x70, 0x69, 0x78, 0x65, 0x6C, 0x20, 0x3D, 0x20, 0x72, 0x65, 0x63, 0x74, 0x2E,
    0x78, 0x79, 0x20, 0x2B, 0x20, 0x6C, 0x6F, 0x63, 0x61, 0x6C, 0x3B, 0x0A, 0x20, 0x20, 0x20, 0x20,
    0x6F, 0x75, 0x74, 0x2E, 0x6F, 0x75, 0x74, 0x4C, 0x6F, 0x63, 0x61, 0x6C, 0x20, 0x3D, 0x20, 0x6C,
    0x6F, 0x63, 0x61, 0x6C, 0x3B, 0x0A, 0x20, 0x20, 0x20, 0x20, 0x6F, 0x75, 0x74, 0x2E, 0x6F, 0x75,
    0x74, 0x49, 0x6E, 0x64, 0x65, 0x78, 0x20, 0x3D, 0x20, 0x75, 0x69, 0x6E, 0x74, 0x28, 0x69, 0x6E,
    0x74, 0x28, 0x67, 0x6C, 0x5F, 0x49, 0x6E, 0x73, 0x74, 0x61, 0x6E, 0x63, 0x65, 0x49, 0x6E, 0x64,
    0x65, 0x78, 0x29, 0x29, 0x3B, 0x0A, 0x20, 0x20, 0x20, 0x20, 0x6F, 0x75, 0x74, 0x2E, 0x67, 0x6C,
    0x5F, 0x50, 0x6F, 0x73, 0x69, 0x74, 0x69, 0x6F, 0x6E, 0x20, 0x3D, 0x20, 0x66, 0x6C, 0x6F, 0x61,
    0x74, 0x34, 0x28, 0x28, 0x70, 0x69, 0x78, 0x65, 0x6C, 0x2E, 0x78, 0x20, 0x2A, 0x20, 0x72, 0x6F,
    0x6F, 0x74, 0x2E, 0x66, 0x72, 0x61, 0x6D, 0x65, 0x2E, 0x78, 0x29, 0x20, 0x2D, 0x20, 0x31, 0x2E,
    0x30, 0x2C, 0x20, 0x31, 0x2E, 0x30, 0x20, 0x2D, 0x20, 0x28, 0x70, 0x69, 0x78, 0x65, 0x6C, 0x2E,
    0x79, 0x20, 0x2A, 0x20, 0x72, 0x6F, 0x6F, 0x74, 0x2E, 0x66, 0x72, 0x61, 0x6D, 0x65, 0x2E, 0x79,
    0x29, 0x2C, 0x20, 0x30, 0x2E, 0x30, 0x2C, 0x20, 0x31, 0x2E, 0x30, 0x29, 0x3B, 0x0A, 0x20, 0x20,
    0x20, 0x20, 0x72, 0x65, 0x74, 0x75, 0x72, 0x6E, 0x20, 0x6F, 0x75, 0x74, 0x3B, 0x0A, 0x7D, 0x0A,
    0x0A, 0x23, 0x70, 0x72, 0x61, 0x67, 0x6D, 0x61, 0x20, 0x63, 0x6C, 0x61, 0x6E, 0x67, 0x20, 0x64,
    0x69, 0x61, 0x67, 0x6E, 0x6F, 0x73, 0x74, 0x69, 0x63, 0x20, 0x69, 0x67, 0x6E, 0x6F, 0x72, 0x65,
    0x64, 0x20, 0x22, 0x2D, 0x57, 0x6D, 0x69, 0x73, 0x73, 0x69, 0x6E, 0x67, 0x2D, 0x70, 0x72, 0x6F,
    0x74, 0x6F, 0x74, 0x79, 0x70, 0x65, 0x73, 0x22, 0x0A, 0x23, 0x70, 0x72, 0x61, 0x67, 0x6D, 0x61,
    0x20, 0x63, 0x6C, 0x61, 0x6E, 0x67, 0x20, 0x64, 0x69, 0x61, 0x67, 0x6E, 0x6F, 0x73, 0x74, 0x69,
    0x63, 0x20, 0x69, 0x67, 0x6E, 0x6F, 0x72, 0x65, 0x64, 0x20, 0x22, 0x2D, 0x57, 0x6D, 0x69, 0x73,
    0x73, 0x69, 0x6E, 0x67, 0x2D, 0x62, 0x72, 0x61, 0x63, 0x65, 0x73, 0x22, 0x0A, 0x0A, 0x23, 0x69,
    0x6E, 0x63, 0x6C, 0x75, 0x64, 0x65, 0x20, 0x3C, 0x6D, 0x65, 0x74, 0x61, 0x6C, 0x5F, 0x73, 0x74,
    0x64, 0x6C, 0x69, 0x62, 0x3E, 0x0A, 0x23, 0x69, 0x6E, 0x63, 0x6C, 0x75, 0x64, 0x65, 0x20, 0x3C,
    0x73, 0x69, 0x6D, 0x64, 0x2F, 0x73, 0x69, 0x6D, 0x64, 0x2E, 0x68, 0x3E, 0x0A, 0x0A, 0x75, 0x73,
    0x69, 0x6E, 0x67, 0x20, 0x6E, 0x61, 0x6D, 0x65, 0x73, 0x70, 0x61, 0x63, 0x65, 0x20, 0x6D, 0x65,
    0x74, 0x61, 0x6C, 0x3B, 0x0A, 0x0A, 0x74, 0x65, 0x6D, 0x70, 0x6C, 0x61, 0x74, 0x65, 0x3C, 0x74,
    0x79, 0x70, 0x65, 0x6E, 0x61, 0x6D, 0x65, 0x20, 0x54, 0x2C, 0x20, 0x73, 0x69, 0x7A, 0x65, 0x5F,
    0x74, 0x20, 0x4E, 0x75, 0x6D, 0x3E, 0x0A, 0x73, 0x74, 0x72, 0x75, 0x63, 0x74, 0x20, 0x73, 0x70,
    0x76, 0x55, 0x6E, 0x73, 0x61, 0x66, 0x65, 0x41, 0x72, 0x72, 0x61, 0x79, 0x0A, 0x7B, 0x0A, 0x20,
    0x20, 0x20, 0x20, 0x54, 0x20, 0x65, 0x6C, 0x65, 0x6D, 0x65, 0x6E, 0x74, 0x73, 0x5B, 0x4E, 0x75,
    0x6D, 0x20, 0x3F, 0x20, 0x4E, 0x75, 0x6D, 0x20, 0x3A, 0x20, 0x31, 0x5D, 0x3B, 0x0A, 0x20, 0x20,
    0x20, 0x20, 0x0A, 0x20, 0x20, 0x20, 0x20, 0x74, 0x68, 0x72, 0x65, 0x61, 0x64, 0x20, 0x54, 0x26,
    0x20, 0x6F, 0x70, 0x65, 0x72, 0x61, 0x74, 0x6F, 0x72, 0x20, 0x5B, 0x5D, 0x20, 0x28, 0x73, 0x69,
    0x7A, 0x65, 0x5F, 0x74, 0x20, 0x70, 0x6F, 0x73, 0x29, 0x20, 0x74, 0x68, 0x72, 0x65, 0x61, 0x64,
    0x0A, 0x20, 0x20, 0x20, 0x20, 0x7B, 0x0A, 0x20, 0x20, 0x20, 0x20, 0x20, 0x20, 0x20, 0x20, 0x72,
    0x65, 0x74, 0x75, 0x72, 0x6E, 0x20, 0x65, 0x6C, 0x65, 0x6D, 0x65, 0x6E, 0x74, 0x73, 0x5B, 0x70,
    0x6F, 0x73, 0x5D, 0x3B, 0x0A, 0x20, 0x20, 0x20, 0x20, 0x7D, 0x0A, 0x20, 0x20, 0x20, 0x20, 0x63,
    0x6F, 0x6E, 0x73, 0x74, 0x65, 0x78, 0x70, 0x72, 0x20, 0x63, 0x6F, 0x6E, 0x73, 0x74, 0x20, 0x74,
    0x68, 0x72, 0x65, 0x61, 0x64, 0x20, 0x54, 0x26, 0x20, 0x6F, 0x70, 0x65, 0x72, 0x61, 0x74, 0x6F,
    0x72, 0x20, 0x5B, 0x5D, 0x20, 0x28, 0x73, 0x69, 0x7A, 0x65, 0x5F, 0x74, 0x20, 0x70, 0x6F, 0x73,
    0x29, 0x20, 0x63, 0x6F, 0x6E, 0x73, 0x74, 0x20, 0x74, 0x68, 0x72, 0x65, 0x61, 0x64, 0x0A, 0x20,
    0x20, 0x20, 0x20, 0x7B, 0x0A, 0x20, 0x20, 0x20, 0x20, 0x20, 0x20, 0x20, 0x20, 0x72, 0x65, 0x74,
    0x75, 0x72, 0x6E, 0x20, 0x65, 0x6C, 0x65, 0x6D, 0x65, 0x6E, 0x74, 0x73, 0x5B, 0x70, 0x6F, 0x73,
    0x5D, 0x3B, 0x0A, 0x20, 0x20, 0x20, 0x20, 0x7D, 0x0A, 0x20, 0x20, 0x20, 0x20, 0x0A, 0x20, 0x20,
    0x20, 0x20, 0x64, 0x65, 0x76, 0x69, 0x63, 0x65, 0x20, 0x54, 0x26, 0x20, 0x6F, 0x70, 0x65, 0x72,
    0x61, 0x74, 0x6F, 0x72, 0x20, 0x5B, 0x5D, 0x20, 0x28, 0x73, 0x69, 0x7A, 0x65, 0x5F, 0x74, 0x20,
    0x70, 0x6F, 0x73, 0x29, 0x20, 0x64, 0x65, 0x76, 0x69, 0x63, 0x65, 0x0A, 0x20, 0x20, 0x20, 0x20,
    0x7B, 0x0A, 0x20, 0x20, 0x20, 0x20, 0x20, 0x20, 0x20, 0x20, 0x72, 0x65, 0x74, 0x75, 0x72, 0x6E,
    0x20, 0x65, 0x6C, 0x65, 0x6D, 0x65, 0x6E, 0x74, 0x73, 0x5B, 0x70, 0x6F, 0x73, 0x5D, 0x3B, 0x0A,
    0x20, 0x20, 0x20, 0x20, 0x7D, 0x0A, 0x20, 0x20, 0x20, 0x20, 0x63, 0x6F, 0x6E, 0x73, 0x74, 0x65,
    0x78, 0x70, 0x72, 0x20, 0x63, 0x6F, 0x6E, 0x73, 0x74, 0x20, 0x64, 0x65, 0x76, 0x69, 0x63, 0x65,
    0x20, 0x54, 0x26, 0x20, 0x6F, 0x70, 0x65, 0x72, 0x61, 0x74, 0x6F, 0x72, 0x20, 0x5B, 0x5D, 0x20,
    0x28, 0x73, 0x69, 0x7A, 0x65, 0x5F, 0x74, 0x20, 0x70, 0x6F, 0x73, 0x29, 0x20, 0x63, 0x6F, 0x6E,
    0x73, 0x74, 0x20, 0x64, 0x65, 0x76, 0x69, 0x63, 0x65, 0x0A, 0x20, 0x20, 0x20, 0x20, 0x7B, 0x0A,
    0x20, 0x20, 0x20, 0x20, 0x20, 0x20, 0x20, 0x20, 0x72, 0x65, 0x74, 0x75, 0x72, 0x6E, 0x20, 0x65,
    0x6C, 0x65, 0x6D, 0x65, 0x6E, 0x74, 0x73, 0x5B, 0x70, 0x6F, 0x73, 0x5D, 0x3B, 0x0A, 0x20, 0x20,
    0x20, 0x20, 0x7D, 0x0A, 0x20, 0x20, 0x20, 0x20, 0x0A, 0x20, 0x20, 0x20, 0x20, 0x63, 0x6F, 0x6E,
    0x73, 0x74, 0x65, 0x78, 0x70, 0x72, 0x20, 0x63, 0x6F, 0x6E, 0x73, 0x74, 0x20, 0x63, 0x6F, 0x6E,
    0x73, 0x74, 0x61, 0x6E, 0x74, 0x20, 0x54, 0x26, 0x20, 0x6F, 0x70, 0x65, 0x72, 0x61, 0x74, 0x6F,
    0x72, 0x20, 0x5B, 0x5D, 0x20, 0x28, 0x73, 0x69, 0x7A, 0x65, 0x5F, 0x74, 0x20, 0x70, 0x6F, 0x73,
    0x29, 0x20, 0x63, 0x6F, 0x6E, 0x73, 0x74, 0x20, 0x63, 0x6F, 0x6E, 0x73, 0x74, 0x61, 0x6E, 0x74,
    0x0A, 0x20, 0x20, 0x20, 0x20, 0x7B, 0x0A, 0x20, 0x20, 0x20, 0x20, 0x20, 0x20, 0x20, 0x20, 0x72,
    0x65, 0x74, 0x75, 0x72, 0x6E, 0x20, 0x65, 0x6C, 0x65, 0x6D, 0x65, 0x6E, 0x74, 0x73, 0x5B, 0x70,
    0x6F, 0x73, 0x5D, 0x3B, 0x0A, 0x20, 0x20, 0x20, 0x20, 0x7D, 0x0A, 0x20, 0x20, 0x20, 0x20, 0x0A,
    0x20, 0x20, 0x20, 0x20, 0x74, 0x68, 0x72, 0x65, 0x61, 0x64, 0x67, 0x72, 0x6F, 0x75, 0x70, 0x20,
    0x54, 0x26, 0x20, 0x6F, 0x70, 0x65, 0x72, 0x61, 0x74, 0x6F, 0x72, 0x20, 0x5B, 0x5D, 0x20, 0x28,
    0x73, 0x69, 0x7A, 0x65, 0x5F, 0x74, 0x20, 0x70, 0x6F, 0x73, 0x29, 0x20, 0x74, 0x68, 0x72, 0x65,
    0x61, 0x64, 0x67, 0x72, 0x6F, 0x75, 0x70, 0x0A, 0x20, 0x20, 0x20, 0x20, 0x7B, 0x0A, 0x20, 0x20,
    0x20, 0x20, 0x20, 0x20, 0x20, 0x20, 0x72, 0x65, 0x74, 0x75, 0x72, 0x6E, 0x20, 0x65, 0x6C, 0x65,
    0x6D, 0x65, 0x6E, 0x74, 0x73, 0x5B, 0x70, 0x6F, 0x73, 0x5D, 0x3B, 0x0A, 0x20, 0x20, 0x20, 0x20,
    0x7D, 0x0A, 0x20, 0x20, 0x20, 0x20, 0x63, 0x6F, 0x6E, 0x73, 0x74, 0x65, 0x78, 0x70, 0x72, 0x20,
    0x63, 0x6F, 0x6E, 0x73, 0x74, 0x20, 0x74, 0x68, 0x72, 0x65, 0x61, 0x64, 0x67, 0x72, 0x6F, 0x75,
    0x70, 0x20, 0x54, 0x26, 0x20, 0x6F, 0x70, 0x65, 0x72, 0x61, 0x74, 0x6F, 0x72, 0x20, 0x5B, 0x5D,
    0x20, 0x28, 0x73, 0x69, 0x7A, 0x65, 0x5F, 0x74, 0x20, 0x70, 0x6F, 0x73, 0x29, 0x20, 0x63, 0x6F,
    0x6E, 0x73, 0x74, 0x20, 0x74, 0x68, 0x72, 0x65, 0x61, 0x64, 0x67, 0x72, 0x6F, 0x75, 0x70, 0x0A,
    0x20, 0x20, 0x20, 0x20, 0x7B, 0x0A, 0x20, 0x20, 0x20, 0x20, 0x20, 0x20, 0x20, 0x20, 0x72, 0x65,
    0x74, 0x75, 0x72, 0x6E, 0x20, 0x65, 0x6C, 0x65, 0x6D, 0x65, 0x6E, 0x74, 0x73, 0x5B, 0x70, 0x6F,
    0x73, 0x5D, 0x3B, 0x0A, 0x20, 0x20, 0x20, 0x20, 0x7D, 0x0A, 0x7D, 0x3B, 0x0A, 0x0A, 0x73, 0x74,
    0x72, 0x75, 0x63, 0x74, 0x20, 0x49, 0x6E, 0x73, 0x74, 0x61, 0x6E, 0x63, 0x65, 0x0A, 0x7B, 0x0A,
    0x20, 0x20, 0x20, 0x20, 0x66, 0x6C, 0x6F, 0x61, 0x74, 0x34, 0x20, 0x72, 0x65, 0x63, 0x74, 0x3B,
    0x0A, 0x20, 0x20, 0x20, 0x20, 0x66, 0x6C, 0x6F, 0x61, 0x74, 0x34, 0x20, 0x72, 0x61, 0x64, 0x69,
    0x69, 0x3B, 0x0A, 0x20, 0x20, 0x20, 0x20, 0x66, 0x6C, 0x6F, 0x61, 0x74, 0x34, 0x20, 0x66, 0x69,
    0x6C, 0x6C, 0x3B, 0x0A, 0x20, 0x20, 0x20, 0x20, 0x66, 0x6C, 0x6F, 0x61, 0x74, 0x34, 0x20, 0x77,
    0x69, 0x64, 0x74, 0x68, 0x73, 0x3B, 0x0A, 0x20, 0x20, 0x20, 0x20, 0x66, 0x6C, 0x6F, 0x61, 0x74,
    0x34, 0x20, 0x63, 0x6F, 0x6C, 0x6F, 0x72, 0x73, 0x5B, 0x34, 0x5D, 0x3B, 0x0A, 0x20, 0x20, 0x20,
    0x20, 0x75, 0x69, 0x6E, 0x74, 0x34, 0x20, 0x6D, 0x65, 0x74, 0x61, 0x3B, 0x0A, 0x7D, 0x3B, 0x0A,
    0x0A, 0x73, 0x74, 0x72, 0x75, 0x63, 0x74, 0x20, 0x49, 0x6E, 0x73, 0x74, 0x61, 0x6E, 0x63, 0x65,
    0x73, 0x0A, 0x7B, 0x0A, 0x20, 0x20, 0x20, 0x20, 0x49, 0x6E, 0x73, 0x74, 0x61, 0x6E, 0x63, 0x65,
    0x20, 0x69, 0x74, 0x65, 0x6D, 0x73, 0x5B, 0x31, 0x5D, 0x3B, 0x0A, 0x7D, 0x3B, 0x0A, 0x0A, 0x73,
    0x74, 0x72, 0x75, 0x63, 0x74, 0x20, 0x52, 0x6F, 0x6F, 0x74, 0x0A, 0x7B, 0x0A, 0x20, 0x20, 0x20,
    0x20, 0x66, 0x6C, 0x6F, 0x61, 0x74, 0x34, 0x20, 0x66, 0x72, 0x61, 0x6D, 0x65, 0x3B, 0x0A, 0x7D,
    0x3B, 0x0A, 0x0A, 0x63, 0x6F, 0x6E, 0x73, 0x74, 0x61, 0x6E, 0x74, 0x20, 0x73, 0x70, 0x76, 0x55,
    0x6E, 0x73, 0x61, 0x66, 0x65, 0x41, 0x72, 0x72, 0x61, 0x79, 0x3C, 0x66, 0x6C, 0x6F, 0x61, 0x74,
    0x32, 0x2C, 0x20, 0x36, 0x3E, 0x20, 0x5F, 0x37, 0x38, 0x20, 0x3D, 0x20, 0x73, 0x70, 0x76, 0x55,
    0x6E, 0x73, 0x61, 0x66, 0x65, 0x41, 0x72, 0x72, 0x61, 0x79, 0x3C, 0x66, 0x6C, 0x6F, 0x61, 0x74,
    0x32, 0x2C, 0x20, 0x36, 0x3E, 0x28, 0x7B, 0x20, 0x66, 0x6C, 0x6F, 0x61, 0x74, 0x32, 0x28, 0x30,
    0x2E, 0x30, 0x29, 0x2C, 0x20, 0x66, 0x6C, 0x6F, 0x61, 0x74, 0x32, 0x28, 0x31, 0x2E, 0x30, 0x2C,
    0x20, 0x30, 0x2E, 0x30, 0x29, 0x2C, 0x20, 0x66, 0x6C, 0x6F, 0x61, 0x74, 0x32, 0x28, 0x30, 0x2E,
    0x30, 0x2C, 0x20, 0x31, 0x2E, 0x30, 0x29, 0x2C, 0x20, 0x66, 0x6C, 0x6F, 0x61, 0x74, 0x32, 0x28,
    0x30, 0x2E, 0x30, 0x2C, 0x20, 0x31, 0x2E, 0x30, 0x29, 0x2C, 0x20, 0x66, 0x6C, 0x6F, 0x61, 0x74,
    0x32, 0x28, 0x31, 0x2E, 0x30, 0x2C, 0x20, 0x30, 0x2E, 0x30, 0x29, 0x2C, 0x20, 0x66, 0x6C, 0x6F,
    0x61, 0x74, 0x32, 0x28, 0x31, 0x2E, 0x30, 0x29, 0x20, 0x7D, 0x29, 0x3B, 0x0A, 0x0A, 0x73, 0x74,
    0x72, 0x75, 0x63, 0x74, 0x20, 0x66, 0x73, 0x5F, 0x6F, 0x75, 0x74, 0x0A, 0x7B, 0x0A, 0x20, 0x20,
    0x20, 0x20, 0x66, 0x6C, 0x6F, 0x61, 0x74, 0x34, 0x20, 0x6F, 0x75, 0x74, 0x43, 0x6F, 0x6C, 0x6F,
    0x72, 0x20, 0x5B, 0x5B, 0x63, 0x6F, 0x6C, 0x6F, 0x72, 0x28, 0x30, 0x29, 0x5D, 0x5D, 0x3B, 0x0A,
    0x7D, 0x3B, 0x0A, 0x0A, 0x73, 0x74, 0x72, 0x75, 0x63, 0x74, 0x20, 0x66, 0x73, 0x5F, 0x69, 0x6E,
    0x0A, 0x7B, 0x0A, 0x20, 0x20, 0x20, 0x20, 0x66, 0x6C, 0x6F, 0x61, 0x74, 0x32, 0x20, 0x6C, 0x6F,
    0x63, 0x61, 0x6C, 0x20, 0x5B, 0x5B, 0x75, 0x73, 0x65, 0x72, 0x28, 0x6C, 0x6F, 0x63, 0x6E, 0x30,
    0x29, 0x5D, 0x5D, 0x3B, 0x0A, 0x20, 0x20, 0x20, 0x20, 0x75, 0x69, 0x6E, 0x74, 0x20, 0x69, 0x6E,
    0x64, 0x65, 0x78, 0x20, 0x5B, 0x5B, 0x75, 0x73, 0x65, 0x72, 0x28, 0x6C, 0x6F, 0x63, 0x6E, 0x31,
    0x29, 0x5D, 0x5D, 0x3B, 0x0A, 0x7D, 0x3B, 0x0A, 0x0A, 0x73, 0x74, 0x61, 0x74, 0x69, 0x63, 0x20,
    0x69, 0x6E, 0x6C, 0x69, 0x6E, 0x65, 0x20, 0x5F, 0x5F, 0x61, 0x74, 0x74, 0x72, 0x69, 0x62, 0x75,
    0x74, 0x65, 0x5F, 0x5F, 0x28, 0x28, 0x61, 0x6C, 0x77, 0x61, 0x79, 0x73, 0x5F, 0x69, 0x6E, 0x6C,
    0x69, 0x6E, 0x65, 0x29, 0x29, 0x0A, 0x66, 0x6C, 0x6F, 0x61, 0x74, 0x20, 0x52, 0x6F, 0x75, 0x6E,
    0x64, 0x65, 0x64, 0x52, 0x65, 0x63, 0x74, 0x28, 0x74, 0x68, 0x72, 0x65, 0x61, 0x64, 0x20, 0x63,
    0x6F, 0x6E, 0x73, 0x74, 0x20, 0x66, 0x6C, 0x6F, 0x61, 0x74, 0x32, 0x26, 0x20, 0x70, 0x2C, 0x20,
    0x74, 0x68, 0x72, 0x65, 0x61, 0x64, 0x20, 0x63, 0x6F, 0x6E, 0x73, 0x74, 0x20, 0x66, 0x6C, 0x6F,
    0x61, 0x74, 0x32, 0x26, 0x20, 0x65, 0x78, 0x74, 0x65, 0x6E, 0x74, 0x2C, 0x20, 0x74, 0x68, 0x72,
    0x65, 0x61, 0x64, 0x20, 0x63, 0x6F, 0x6E, 0x73, 0x74, 0x20, 0x66, 0x6C, 0x6F, 0x61, 0x74, 0x34,
    0x26, 0x20, 0x72, 0x61, 0x64, 0x69, 0x69, 0x29, 0x0A, 0x7B, 0x0A, 0x20, 0x20, 0x20, 0x20, 0x66,
    0x6C, 0x6F, 0x61, 0x74, 0x20, 0x5F, 0x32, 0x39, 0x33, 0x3B, 0x0A, 0x20, 0x20, 0x20, 0x20, 0x69,
    0x66, 0x20, 0x28, 0x70, 0x2E, 0x78, 0x20, 0x3C, 0x20, 0x30, 0x2E, 0x30, 0x29, 0x0A, 0x20, 0x20,
    0x20, 0x20, 0x7B, 0x0A, 0x20, 0x20, 0x20, 0x20, 0x20, 0x20, 0x20, 0x20, 0x66, 0x6C, 0x6F, 0x61,
    0x74, 0x20, 0x5F, 0x32, 0x39, 0x34, 0x3B, 0x0A, 0x20, 0x20, 0x20, 0x20, 0x20, 0x20, 0x20, 0x20,
    0x69, 0x66, 0x20, 0x28, 0x70, 0x2E, 0x79, 0x20, 0x3C, 0x20, 0x30, 0x2E, 0x30, 0x29, 0x0A, 0x20,
    0x20, 0x20, 0x20, 0x20, 0x20, 0x20, 0x20, 0x7B, 0x0A, 0x20, 0x20, 0x20, 0x20, 0x20, 0x20, 0x20,
    0x20, 0x20, 0x20, 0x20, 0x20, 0x5F, 0x32, 0x39, 0x34, 0x20, 0x3D, 0x20, 0x72, 0x61, 0x64, 0x69,
    0x69, 0x2E, 0x78, 0x3B, 0x0A, 0x20, 0x20, 0x20, 0x20, 0x20, 0x20, 0x20, 0x20, 0x7D, 0x0A, 0x20,
    0x20, 0x20, 0x20, 0x20, 0x20, 0x20, 0x20, 0x65, 0x6C, 0x73, 0x65, 0x0A, 0x20, 0x20, 0x20, 0x20,
    0x20, 0x20, 0x20, 0x20, 0x7B, 0x0A, 0x20, 0x20, 0x20, 0x20, 0x20, 0x20, 0x20, 0x20, 0x20, 0x20,
    0x20, 0x20, 0x5F, 0x32, 0x39, 0x34, 0x20, 0x3D, 0x20, 0x72, 0x61, 0x64, 0x69, 0x69, 0x2E, 0x77,
    0x3B, 0x0A, 0x20, 0x20, 0x20, 0x20, 0x20, 0x20, 0x20, 0x20, 0x7D, 0x0A, 0x20, 0x20, 0x20, 0x20,
    0x20, 0x20, 0x20, 0x20, 0x5F, 0x32, 0x39, 0x33, 0x20, 0x3D, 0x20, 0x5F, 0x32, 0x39, 0x34, 0x3B,
    0x0A, 0x20, 0x20, 0x20, 0x20, 0x7D, 0x0A, 0x20, 0x20, 0x20, 0x20, 0x65, 0x6C, 0x73, 0x65, 0x0A,
    0x20, 0x20, 0x20, 0x20, 0x7B, 0x0A, 0x20, 0x20, 0x20, 0x20, 0x20, 0x20, 0x20, 0x20, 0x66, 0x6C,
    0x6F, 0x61, 0x74, 0x20, 0x5F, 0x32, 0x39, 0x35, 0x3B, 0x0A, 0x20, 0x20, 0x20, 0x20, 0x20, 0x20,
    0x20, 0x20, 0x69, 0x66, 0x20, 0x28, 0x70, 0x2E, 0x79, 0x20, 0x3C, 0x20, 0x30, 0x2E, 0x30, 0x29,
    0x0A, 0x20, 0x20, 0x20, 0x20, 0x20, 0x20, 0x20, 0x20, 0x7B, 0x0A, 0x20, 0x20, 0x20, 0x20, 0x20,
    0x20, 0x20, 0x20, 0x20, 0x20, 0x20, 0x20, 0x5F, 0x32, 0x39, 0x35, 0x20, 0x3D, 0x20, 0x72, 0x61,
    0x64, 0x69, 0x69, 0x2E, 0x79, 0x3B, 0x0A, 0x20, 0x20, 0x20, 0x20, 0x20, 0x20, 0x20, 0x20, 0x7D,
    0x0A, 0x20, 0x20, 0x20, 0x20, 0x20, 0x20, 0x20, 0x20, 0x65, 0x6C, 0x73, 0x65, 0x0A, 0x20, 0x20,
    0x20, 0x20, 0x20, 0x20, 0x20, 0x20, 0x7B, 0x0A, 0x20, 0x20, 0x20, 0x20, 0x20, 0x20, 0x20, 0x20,
    0x20, 0x20, 0x20, 0x20, 0x5F, 0x32, 0x39, 0x35, 0x20, 0x3D, 0x20, 0x72, 0x61, 0x64, 0x69, 0x69,
    0x2E, 0x7A, 0x3B, 0x0A, 0x20, 0x20, 0x20, 0x20, 0x20, 0x20, 0x20, 0x20, 0x7D, 0x0A, 0x20, 0x20,
    0x20, 0x20, 0x20, 0x20, 0x20, 0x20, 0x5F, 0x32, 0x39, 0x33, 0x20, 0x3D, 0x20, 0x5F, 0x32, 0x39,
    0x35, 0x3B, 0x0A, 0x20, 0x20, 0x20, 0x20, 0x7D, 0x0A, 0x20, 0x20, 0x20, 0x20, 0x66, 0x6C, 0x6F,
    0x61, 0x74, 0x20, 0x72, 0x20, 0x3D, 0x20, 0x5F, 0x32, 0x39, 0x33, 0x3B, 0x0A, 0x20, 0x20, 0x20,
    0x20, 0x72, 0x20, 0x3D, 0x20, 0x66, 0x61, 0x73, 0x74, 0x3A, 0x3A, 0x6D, 0x69, 0x6E, 0x28, 0x72,
    0x2C, 0x20, 0x66, 0x61, 0x73, 0x74, 0x3A, 0x3A, 0x6D, 0x69, 0x6E, 0x28, 0x65, 0x78, 0x74, 0x65,
    0x6E, 0x74, 0x2E, 0x78, 0x2C, 0x20, 0x65, 0x78, 0x74, 0x65, 0x6E, 0x74, 0x2E, 0x79, 0x29, 0x29,
    0x3B, 0x0A, 0x20, 0x20, 0x20, 0x20, 0x66, 0x6C, 0x6F, 0x61, 0x74, 0x32, 0x20, 0x71, 0x20, 0x3D,
    0x20, 0x28, 0x61, 0x62, 0x73, 0x28, 0x70, 0x29, 0x20, 0x2D, 0x20, 0x65, 0x78, 0x74, 0x65, 0x6E,
    0x74, 0x29, 0x20, 0x2B, 0x20, 0x66, 0x6C, 0x6F, 0x61, 0x74, 0x32, 0x28, 0x72, 0x29, 0x3B, 0x0A,
    0x20, 0x20, 0x20, 0x20, 0x72, 0x65, 0x74, 0x75, 0x72, 0x6E, 0x20, 0x28, 0x66, 0x61, 0x73, 0x74,
    0x3A, 0x3A, 0x6D, 0x69, 0x6E, 0x28, 0x66, 0x61, 0x73, 0x74, 0x3A, 0x3A, 0x6D, 0x61, 0x78, 0x28,
    0x71, 0x2E, 0x78, 0x2C, 0x20, 0x71, 0x2E, 0x79, 0x29, 0x2C, 0x20, 0x30, 0x2E, 0x30, 0x29, 0x20,
    0x2B, 0x20, 0x6C, 0x65, 0x6E, 0x67, 0x74, 0x68, 0x28, 0x66, 0x61, 0x73, 0x74, 0x3A, 0x3A, 0x6D,
    0x61, 0x78, 0x28, 0x71, 0x2C, 0x20, 0x66, 0x6C, 0x6F, 0x61, 0x74, 0x32, 0x28, 0x30, 0x2E, 0x30,
    0x29, 0x29, 0x29, 0x29, 0x20, 0x2D, 0x20, 0x72, 0x3B, 0x0A, 0x7D, 0x0A, 0x0A, 0x66, 0x72, 0x61,
    0x67, 0x6D, 0x65, 0x6E, 0x74, 0x20, 0x66, 0x73, 0x5F, 0x6F, 0x75, 0x74, 0x20, 0x66, 0x73, 0x28,
    0x66, 0x73, 0x5F, 0x69, 0x6E, 0x20, 0x69, 0x6E, 0x20, 0x5B, 0x5B, 0x73, 0x74, 0x61, 0x67, 0x65,
    0x5F, 0x69, 0x6E, 0x5D, 0x5D, 0x2C, 0x20, 0x63, 0x6F, 0x6E, 0x73, 0x74, 0x61, 0x6E, 0x74, 0x20,
    0x52, 0x6F, 0x6F, 0x74, 0x26, 0x20, 0x72, 0x6F, 0x6F, 0x74, 0x20, 0x5B, 0x5B, 0x62, 0x75, 0x66,
    0x66, 0x65, 0x72, 0x28, 0x30, 0x29, 0x5D, 0x5D, 0x2C, 0x20, 0x63, 0x6F, 0x6E, 0x73, 0x74, 0x20,
    0x64, 0x65, 0x76, 0x69, 0x63, 0x65, 0x20, 0x49, 0x6E, 0x73, 0x74, 0x61, 0x6E, 0x63, 0x65, 0x73,
    0x26, 0x20, 0x69, 0x6E, 0x73, 0x74, 0x61, 0x6E, 0x63, 0x65, 0x73, 0x20, 0x5B, 0x5B, 0x62, 0x75,
    0x66, 0x66, 0x65, 0x72, 0x28, 0x31, 0x29, 0x5D, 0x5D, 0x29, 0x0A, 0x7B, 0x0A, 0x20, 0x20, 0x20,
    0x20, 0x66, 0x73, 0x5F, 0x6F, 0x75, 0x74, 0x20, 0x6F, 0x75, 0x74, 0x20, 0x3D, 0x20, 0x7B, 0x7D,
    0x3B, 0x0A, 0x20, 0x20, 0x20, 0x20, 0x66, 0x6C, 0x6F, 0x61, 0x74, 0x20, 0x73, 0x63, 0x61, 0x6C,
    0x65, 0x20, 0x3D, 0x20, 0x72, 0x6F, 0x6F, 0x74, 0x2E, 0x66, 0x72, 0x61, 0x6D, 0x65, 0x2E, 0x7A,
    0x3B, 0x0A, 0x20, 0x20, 0x20, 0x20, 0x66, 0x6C, 0x6F, 0x61, 0x74, 0x32, 0x20, 0x73, 0x69, 0x7A,
    0x65, 0x20, 0x3D, 0x20, 0x69, 0x6E, 0x73, 0x74, 0x61, 0x6E, 0x63, 0x65, 0x73, 0x2E, 0x69, 0x74,
    0x65, 0x6D, 0x73, 0x5B, 0x69, 0x6E, 0x2E, 0x69, 0x6E, 0x64, 0x65, 0x78, 0x5D, 0x2E, 0x72, 0x65,
    0x63, 0x74, 0x2E, 0x7A, 0x77, 0x20, 0x2A, 0x20, 0x73, 0x63, 0x61, 0x6C, 0x65, 0x3B, 0x0A, 0x20,
    0x20, 0x20, 0x20, 0x66, 0x6C, 0x6F, 0x61, 0x74, 0x34, 0x20, 0x72, 0x61, 0x64, 0x69, 0x69, 0x20,
    0x3D, 0x20, 0x69, 0x6E, 0x73, 0x74, 0x61, 0x6E, 0x63, 0x65, 0x73, 0x2E, 0x69, 0x74, 0x65, 0x6D,
    0x73, 0x5B, 0x69, 0x6E, 0x2E, 0x69, 0x6E, 0x64, 0x65, 0x78, 0x5D, 0x2E, 0x72, 0x61, 0x64, 0x69,
    0x69, 0x20, 0x2A, 0x20, 0x73, 0x63, 0x61, 0x6C, 0x65, 0x3B, 0x0A, 0x20, 0x20, 0x20, 0x20, 0x66,
    0x6C, 0x6F, 0x61, 0x74, 0x34, 0x20, 0x77, 0x69, 0x64, 0x74, 0x68, 0x73, 0x20, 0x3D, 0x20, 0x69,
    0x6E, 0x73, 0x74, 0x61, 0x6E, 0x63, 0x65, 0x73, 0x2E, 0x69, 0x74, 0x65, 0x6D, 0x73, 0x5B, 0x69,
    0x6E, 0x2E, 0x69, 0x6E, 0x64, 0x65, 0x78, 0x5D, 0x2E, 0x77, 0x69, 0x64, 0x74, 0x68, 0x73, 0x20,
    0x2A, 0x20, 0x73, 0x63, 0x61, 0x6C, 0x65, 0x3B, 0x0A, 0x20, 0x20, 0x20, 0x20, 0x66, 0x6C, 0x6F,
    0x61, 0x74, 0x32, 0x20, 0x70, 0x61, 0x72, 0x61, 0x6D, 0x20, 0x3D, 0x20, 0x69, 0x6E, 0x2E, 0x6C,
    0x6F, 0x63, 0x61, 0x6C, 0x20, 0x2D, 0x20, 0x28, 0x73, 0x69, 0x7A, 0x65, 0x20, 0x2A, 0x20, 0x30,
    0x2E, 0x35, 0x29, 0x3B, 0x0A, 0x20, 0x20, 0x20, 0x20, 0x66, 0x6C, 0x6F, 0x61, 0x74, 0x32, 0x20,
    0x70, 0x61, 0x72, 0x61, 0x6D, 0x5F, 0x31, 0x20, 0x3D, 0x20, 0x73, 0x69, 0x7A, 0x65, 0x20, 0x2A,
    0x20, 0x30, 0x2E, 0x35, 0x3B, 0x0A, 0x20, 0x20, 0x20, 0x20, 0x66, 0x6C, 0x6F, 0x61, 0x74, 0x34,
    0x20, 0x70, 0x61, 0x72, 0x61, 0x6D, 0x5F, 0x32, 0x20, 0x3D, 0x20, 0x72, 0x61, 0x64, 0x69, 0x69,
    0x3B, 0x0A, 0x20, 0x20, 0x20, 0x20, 0x66, 0x6C, 0x6F, 0x61, 0x74, 0x20, 0x6F, 0x75, 0x74, 0x65,
    0x72, 0x20, 0x3D, 0x20, 0x52, 0x6F, 0x75, 0x6E, 0x64, 0x65, 0x64, 0x52, 0x65, 0x63, 0x74, 0x28,
    0x70, 0x61, 0x72, 0x61, 0x6D, 0x2C, 0x20, 0x70, 0x61, 0x72, 0x61, 0x6D, 0x5F, 0x31, 0x2C, 0x20,
    0x70, 0x61, 0x72, 0x61, 0x6D, 0x5F, 0x32, 0x29, 0x3B, 0x0A, 0x20, 0x20, 0x20, 0x20, 0x66, 0x6C,
    0x6F, 0x61, 0x74, 0x32, 0x20, 0x6C, 0x6F, 0x77, 0x20, 0x3D, 0x20, 0x66, 0x6C, 0x6F, 0x61, 0x74,
    0x32, 0x28, 0x77, 0x69, 0x64, 0x74, 0x68, 0x73, 0x2E, 0x77, 0x2C, 0x20, 0x77, 0x69, 0x64, 0x74,
    0x68, 0x73, 0x2E, 0x78, 0x29, 0x3B, 0x0A, 0x20, 0x20, 0x20, 0x20, 0x66, 0x6C, 0x6F, 0x61, 0x74,
    0x32, 0x20, 0x68, 0x69, 0x67, 0x68, 0x20, 0x3D, 0x20, 0x66, 0x61, 0x73, 0x74, 0x3A, 0x3A, 0x6D,
    0x61, 0x78, 0x28, 0x73, 0x69, 0x7A, 0x65, 0x20, 0x2D, 0x20, 0x66, 0x6C, 0x6F, 0x61, 0x74, 0x32,
    0x28, 0x77, 0x69, 0x64, 0x74, 0x68, 0x73, 0x2E, 0x79, 0x2C, 0x20, 0x77, 0x69, 0x64, 0x74, 0x68,
    0x73, 0x2E, 0x7A, 0x29, 0x2C, 0x20, 0x6C, 0x6F, 0x77, 0x29, 0x3B, 0x0A, 0x20, 0x20, 0x20, 0x20,
    0x66, 0x6C, 0x6F, 0x61, 0x74, 0x34, 0x20, 0x69, 0x6E, 0x6E, 0x65, 0x72, 0x20, 0x3D, 0x20, 0x66,
    0x61, 0x73, 0x74, 0x3A, 0x3A, 0x6D, 0x61, 0x78, 0x28, 0x72, 0x61, 0x64, 0x69, 0x69, 0x20, 0x2D,
    0x20, 0x66, 0x6C, 0x6F, 0x61, 0x74, 0x34, 0x28, 0x66, 0x61, 0x73, 0x74, 0x3A, 0x3A, 0x6D, 0x61,
    0x78, 0x28, 0x77, 0x69, 0x64, 0x74, 0x68, 0x73, 0x2E, 0x77, 0x2C, 0x20, 0x77, 0x69, 0x64, 0x74,
    0x68, 0x73, 0x2E, 0x78, 0x29, 0x2C, 0x20, 0x66, 0x61, 0x73, 0x74, 0x3A, 0x3A, 0x6D, 0x61, 0x78,
    0x28, 0x77, 0x69, 0x64, 0x74, 0x68, 0x73, 0x2E, 0x78, 0x2C, 0x20, 0x77, 0x69, 0x64, 0x74, 0x68,
    0x73, 0x2E, 0x79, 0x29, 0x2C, 0x20, 0x66, 0x61, 0x73, 0x74, 0x3A, 0x3A, 0x6D, 0x61, 0x78, 0x28,
    0x77, 0x69, 0x64, 0x74, 0x68, 0x73, 0x2E, 0x79, 0x2C, 0x20, 0x77, 0x69, 0x64, 0x74, 0x68, 0x73,
    0x2E, 0x7A, 0x29, 0x2C, 0x20, 0x66, 0x61, 0x73, 0x74, 0x3A, 0x3A, 0x6D, 0x61, 0x78, 0x28, 0x77,
    0x69, 0x64, 0x74, 0x68, 0x73, 0x2E, 0x7A, 0x2C, 0x20, 0x77, 0x69, 0x64, 0x74, 0x68, 0x73, 0x2E,
    0x77, 0x29, 0x29, 0x2C, 0x20, 0x66, 0x6C, 0x6F, 0x61, 0x74, 0x34, 0x28, 0x30, 0x2E, 0x30, 0x29,
    0x29, 0x3B, 0x0A, 0x20, 0x20, 0x20, 0x20, 0x66, 0x6C, 0x6F, 0x61, 0x74, 0x32, 0x20, 0x70, 0x61,
    0x72, 0x61, 0x6D, 0x5F, 0x33, 0x20, 0x3D, 0x20, 0x69, 0x6E, 0x2E, 0x6C, 0x6F, 0x63, 0x61, 0x6C,
    0x20, 0x2D, 0x20, 0x28, 0x28, 0x6C, 0x6F, 0x77, 0x20, 0x2B, 0x20, 0x68, 0x69, 0x67, 0x68, 0x29,
    0x20, 0x2A, 0x20, 0x30, 0x2E, 0x35, 0x29, 0x3B, 0x0A, 0x20, 0x20, 0x20, 0x20, 0x66, 0x6C, 0x6F,
    0x61, 0x74, 0x32, 0x20, 0x70, 0x61, 0x72, 0x61, 0x6D, 0x5F, 0x34, 0x20, 0x3D, 0x20, 0x28, 0x68,
    0x69, 0x67, 0x68, 0x20, 0x2D, 0x20, 0x6C, 0x6F, 0x77, 0x29, 0x20, 0x2A, 0x20, 0x30, 0x2E, 0x35,
    0x3B, 0x0A, 0x20, 0x20, 0x20, 0x20, 0x66, 0x6C, 0x6F, 0x61, 0x74, 0x34, 0x20, 0x70, 0x61, 0x72,
    0x61, 0x6D, 0x5F, 0x35, 0x20, 0x3D, 0x20, 0x69, 0x6E, 0x6E, 0x65, 0x72, 0x3B, 0x0A, 0x20, 0x20,
    0x20, 0x20, 0x66, 0x6C, 0x6F, 0x61, 0x74, 0x20, 0x69, 0x6E, 0x73, 0x69, 0x64, 0x65, 0x20, 0x3D,
    0x20, 0x52, 0x6F, 0x75, 0x6E, 0x64, 0x65, 0x64, 0x52, 0x65, 0x63, 0x74, 0x28, 0x70, 0x61, 0x72,
    0x61, 0x6D, 0x5F, 0x33, 0x2C, 0x20, 0x70, 0x61, 0x72, 0x61, 0x6D, 0x5F, 0x34, 0x2C, 0x20, 0x70,
    0x61, 0x72, 0x61, 0x6D, 0x5F, 0x35, 0x29, 0x3B, 0x0A, 0x20, 0x20, 0x20, 0x20, 0x66, 0x6C, 0x6F,
    0x61, 0x74, 0x20, 0x63, 0x6F, 0x76, 0x65, 0x72, 0x65, 0x64, 0x20, 0x3D, 0x20, 0x66, 0x61, 0x73,
    0x74, 0x3A, 0x3A, 0x63, 0x6C, 0x61, 0x6D, 0x70, 0x28, 0x30, 0x2E, 0x35, 0x20, 0x2D, 0x20, 0x6F,
    0x75, 0x74, 0x65, 0x72, 0x2C, 0x20, 0x30, 0x2E, 0x30, 0x2C, 0x20, 0x31, 0x2E, 0x30, 0x29, 0x3B,
    0x0A, 0x20, 0x20, 0x20, 0x20, 0x66, 0x6C, 0x6F, 0x61, 0x74, 0x20, 0x66, 0x69, 0x6C, 0x6C, 0x20,
    0x3D, 0x20, 0x66, 0x61, 0x73, 0x74, 0x3A, 0x3A, 0x6D, 0x69, 0x6E, 0x28, 0x66, 0x61, 0x73, 0x74,
    0x3A, 0x3A, 0x63, 0x6C, 0x61, 0x6D, 0x70, 0x28, 0x30, 0x2E, 0x35, 0x20, 0x2D, 0x20, 0x69, 0x6E,
    0x73, 0x69, 0x64, 0x65, 0x2C, 0x20, 0x30, 0x2E, 0x30, 0x2C, 0x20, 0x31, 0x2E, 0x30, 0x29, 0x2C,
    0x20, 0x63, 0x6F, 0x76, 0x65, 0x72, 0x65, 0x64, 0x29, 0x3B, 0x0A, 0x20, 0x20, 0x20, 0x20, 0x66,
    0x6C, 0x6F, 0x61, 0x74, 0x34, 0x20, 0x72, 0x65, 0x61, 0x63, 0x68, 0x20, 0x3D, 0x20, 0x66, 0x6C,
    0x6F, 0x61, 0x74, 0x34, 0x28, 0x69, 0x6E, 0x2E, 0x6C, 0x6F, 0x63, 0x61, 0x6C, 0x2E, 0x79, 0x2C,
    0x20, 0x73, 0x69, 0x7A, 0x65, 0x2E, 0x78, 0x20, 0x2D, 0x20, 0x69, 0x6E, 0x2E, 0x6C, 0x6F, 0x63,
    0x61, 0x6C, 0x2E, 0x78, 0x2C, 0x20, 0x73, 0x69, 0x7A, 0x65, 0x2E, 0x79, 0x20, 0x2D, 0x20, 0x69,
    0x6E, 0x2E, 0x6C, 0x6F, 0x63, 0x61, 0x6C, 0x2E, 0x79, 0x2C, 0x20, 0x69, 0x6E, 0x2E, 0x6C, 0x6F,
    0x63, 0x61, 0x6C, 0x2E, 0x78, 0x29, 0x20, 0x2F, 0x20, 0x66, 0x61, 0x73, 0x74, 0x3A, 0x3A, 0x6D,
    0x61, 0x78, 0x28, 0x77, 0x69, 0x64, 0x74, 0x68, 0x73, 0x2C, 0x20, 0x66, 0x6C, 0x6F, 0x61, 0x74,
    0x34, 0x28, 0x39, 0x2E, 0x39, 0x39, 0x39, 0x39, 0x39, 0x39, 0x37, 0x34, 0x37, 0x33, 0x37, 0x38,
    0x37, 0x35, 0x31, 0x36, 0x33, 0x35, 0x35, 0x35, 0x31, 0x34, 0x35, 0x32, 0x36, 0x33, 0x36, 0x37,
    0x31, 0x38, 0x38, 0x65, 0x2D, 0x30, 0x35, 0x29, 0x29, 0x3B, 0x0A, 0x20, 0x20, 0x20, 0x20, 0x69,
    0x6E, 0x74, 0x20, 0x73, 0x69, 0x64, 0x65, 0x20, 0x3D, 0x20, 0x30, 0x3B, 0x0A, 0x20, 0x20, 0x20,
    0x20, 0x73, 0x69, 0x64, 0x65, 0x20, 0x3D, 0x20, 0x28, 0x72, 0x65, 0x61, 0x63, 0x68, 0x2E, 0x79,
    0x20, 0x3C, 0x20, 0x72, 0x65, 0x61, 0x63, 0x68, 0x5B, 0x73, 0x69, 0x64, 0x65, 0x5D, 0x29, 0x20,
    0x3F, 0x20, 0x31, 0x20, 0x3A, 0x20, 0x73, 0x69, 0x64, 0x65, 0x3B, 0x0A, 0x20, 0x20, 0x20, 0x20,
    0x73, 0x69, 0x64, 0x65, 0x20, 0x3D, 0x20, 0x28, 0x72, 0x65, 0x61, 0x63, 0x68, 0x2E, 0x7A, 0x20,
    0x3C, 0x20, 0x72, 0x65, 0x61, 0x63, 0x68, 0x5B, 0x73, 0x69, 0x64, 0x65, 0x5D, 0x29, 0x20, 0x3F,
    0x20, 0x32, 0x20, 0x3A, 0x20, 0x73, 0x69, 0x64, 0x65, 0x3B, 0x0A, 0x20, 0x20, 0x20, 0x20, 0x73,
    0x69, 0x64, 0x65, 0x20, 0x3D, 0x20, 0x28, 0x72, 0x65, 0x61, 0x63, 0x68, 0x2E, 0x77, 0x20, 0x3C,
    0x20, 0x72, 0x65, 0x61, 0x63, 0x68, 0x5B, 0x73, 0x69, 0x64, 0x65, 0x5D, 0x29, 0x20, 0x3F, 0x20,
    0x33, 0x20, 0x3A, 0x20, 0x73, 0x69, 0x64, 0x65, 0x3B, 0x0A, 0x20, 0x20, 0x20, 0x20, 0x6F, 0x75,
    0x74, 0x2E, 0x6F, 0x75, 0x74, 0x43, 0x6F, 0x6C, 0x6F, 0x72, 0x20, 0x3D, 0x20, 0x28, 0x69, 0x6E,
    0x73, 0x74, 0x61, 0x6E, 0x63, 0x65, 0x73, 0x2E, 0x69, 0x74, 0x65, 0x6D, 0x73, 0x5B, 0x69, 0x6E,
    0x2E, 0x69, 0x6E, 0x64, 0x65, 0x78, 0x5D, 0x2E, 0x66, 0x69, 0x6C, 0x6C, 0x20, 0x2A, 0x20, 0x66,
    0x69, 0x6C, 0x6C, 0x29, 0x20, 0x2B, 0x20, 0x28, 0x69, 0x6E, 0x73, 0x74, 0x61, 0x6E, 0x63, 0x65,
    0x73, 0x2E, 0x69, 0x74, 0x65, 0x6D, 0x73, 0x5B, 0x69, 0x6E, 0x2E, 0x69, 0x6E, 0x64, 0x65, 0x78,
    0x5D, 0x2E, 0x63, 0x6F, 0x6C, 0x6F, 0x72, 0x73, 0x5B, 0x73, 0x69, 0x64, 0x65, 0x5D, 0x20, 0x2A,
    0x20, 0x28, 0x63, 0x6F, 0x76, 0x65, 0x72, 0x65, 0x64, 0x20, 0x2D, 0x20, 0x66, 0x69, 0x6C, 0x6C,
    0x29, 0x29, 0x3B, 0x0A, 0x20, 0x20, 0x20, 0x20, 0x72, 0x65, 0x74, 0x75, 0x72, 0x6E, 0x20, 0x6F,
    0x75, 0x74, 0x3B, 0x0A, 0x7D, 0x0A, 0x0A, 0x00, 0x00, 0x00, 0x00, 0x00, 0x05, 0x00, 0x00, 0x00,
    0x00, 0x00, 0x00, 0x00, 0x00, 0x00, 0x00, 0x00, 0x02, 0x00, 0x00, 0x00, 0x05, 0x00, 0x00, 0x00,
    0x00, 0x00, 0x00, 0x00, 0x00, 0x00, 0x00, 0x00, 0x00, 0x00, 0x00, 0x00, 0x14, 0x0B, 0x00, 0x00,
    0x01, 0x00, 0x00, 0x00, 0x00, 0x00, 0x00, 0x00, 0x14, 0x0B, 0x00, 0x00, 0x88, 0x0D, 0x00, 0x00,
    0x00, 0x00, 0x00, 0x00, 0x00, 0x00, 0x00, 0x00, 0x00, 0x00, 0x00, 0x00, 0x00, 0x00, 0x00, 0x00,
    0x44, 0x58, 0x42, 0x43, 0x1E, 0xFF, 0xEB, 0x83, 0xE0, 0x28, 0xA0, 0x8D, 0xC8, 0xCE, 0x47, 0xAE,
    0xA1, 0x0A, 0xEE, 0x8C, 0x01, 0x00, 0x00, 0x00, 0x14, 0x0B, 0x00, 0x00, 0x06, 0x00, 0x00, 0x00,
    0x38, 0x00, 0x00, 0x00, 0x48, 0x00, 0x00, 0x00, 0xB4, 0x00, 0x00, 0x00, 0x3C, 0x01, 0x00, 0x00,
    0x68, 0x02, 0x00, 0x00, 0x84, 0x02, 0x00, 0x00, 0x53, 0x46, 0x49, 0x30, 0x08, 0x00, 0x00, 0x00,
    0x00, 0x00, 0x00, 0x00, 0x00, 0x00, 0x00, 0x00, 0x49, 0x53, 0x47, 0x31, 0x64, 0x00, 0x00, 0x00,
    0x02, 0x00, 0x00, 0x00, 0x08, 0x00, 0x00, 0x00, 0x00, 0x00, 0x00, 0x00, 0x48, 0x00, 0x00, 0x00,
    0x00, 0x00, 0x00, 0x00, 0x06, 0x00, 0x00, 0x00, 0x01, 0x00, 0x00, 0x00, 0x00, 0x00, 0x00, 0x00,
    0x01, 0x01, 0x00, 0x00, 0x00, 0x00, 0x00, 0x00, 0x00, 0x00, 0x00, 0x00, 0x54, 0x00, 0x00, 0x00,
    0x00, 0x00, 0x00, 0x00, 0x08, 0x00, 0x00, 0x00, 0x01, 0x00, 0x00, 0x00, 0x01, 0x00, 0x00, 0x00,
    0x01, 0x01, 0x00, 0x00, 0x00, 0x00, 0x00, 0x00, 0x53, 0x56, 0x5F, 0x56, 0x65, 0x72, 0x74, 0x65,
    0x78, 0x49, 0x44, 0x00, 0x53, 0x56, 0x5F, 0x49, 0x6E, 0x73, 0x74, 0x61, 0x6E, 0x63, 0x65, 0x49,
    0x44, 0x00, 0x00, 0x00, 0x4F, 0x53, 0x47, 0x31, 0x80, 0x00, 0x00, 0x00, 0x03, 0x00, 0x00, 0x00,
    0x08, 0x00, 0x00, 0x00, 0x00, 0x00, 0x00, 0x00, 0x68, 0x00, 0x00, 0x00, 0x00, 0x00, 0x00, 0x00,
    0x00, 0x00, 0x00, 0x00, 0x03, 0x00, 0x00, 0x00, 0x00, 0x00, 0x00, 0x00, 0x03, 0x0C, 0x00, 0x00,
    0x00, 0x00, 0x00, 0x00, 0x00, 0x00, 0x00, 0x00, 0x68, 0x00, 0x00, 0x00, 0x01, 0x00, 0x00, 0x00,
    0x00, 0x00, 0x00, 0x00, 0x01, 0x00, 0x00, 0x00, 0x01, 0x00, 0x00, 0x00, 0x01, 0x0E, 0x00, 0x00,
    0x00, 0x00, 0x00, 0x00, 0x00, 0x00, 0x00, 0x00, 0x71, 0x00, 0x00, 0x00, 0x00, 0x00, 0x00, 0x00,
    0x01, 0x00, 0x00, 0x00, 0x03, 0x00, 0x00, 0x00, 0x02, 0x00, 0x00, 0x00, 0x0F, 0x00, 0x00, 0x00,
    0x00, 0x00, 0x00, 0x00, 0x54, 0x45, 0x58, 0x43, 0x4F, 0x4F, 0x52, 0x44, 0x00, 0x53, 0x56, 0x5F,
    0x50, 0x6F, 0x73, 0x69, 0x74, 0x69, 0x6F, 0x6E, 0x00, 0x00, 0x00, 0x00, 0x50, 0x53, 0x56, 0x30,
    0x24, 0x01, 0x00, 0x00, 0x34, 0x00, 0x00, 0x00, 0x01, 0x00, 0x00, 0x00, 0x00, 0x00, 0x00, 0x00,
    0x00, 0x00, 0x00, 0x00, 0x00, 0x00, 0x00, 0x00, 0x00, 0x00, 0x00, 0x00, 0xFF, 0xFF, 0xFF, 0xFF,
    0x01, 0x00, 0x00, 0x00, 0x02, 0x03, 0x00, 0x02, 0x03, 0x00, 0x00, 0x00, 0x00, 0x00, 0x00, 0x00,
    0x00, 0x00, 0x00, 0x00, 0x00, 0x00, 0x00, 0x00, 0x13, 0x00, 0x00, 0x00, 0x03, 0x00, 0x00, 0x00,
    0x18, 0x00, 0x00, 0x00, 0x02, 0x00, 0x00, 0x00, 0x05, 0x00, 0x00, 0x00, 0x00, 0x00, 0x00, 0x00,
    0x00, 0x00, 0x00, 0x00, 0x0D, 0x00, 0x00, 0x00, 0x00, 0x00, 0x00, 0x00, 0x02, 0x00, 0x00, 0x00,
    0x05, 0x00, 0x00, 0x00, 0x02, 0x00, 0x00, 0x00, 0x02, 0x00, 0x00, 0x00, 0x0D, 0x00, 0x00, 0x00,
    0x00, 0x00, 0x00, 0x00, 0x04, 0x00, 0x00, 0x00, 0x00, 0x00, 0x00, 0x00, 0x00, 0x00, 0x00, 0x00,
    0x00, 0x00, 0x00, 0x00, 0x0B, 0x00, 0x00, 0x00, 0x00, 0x00, 0x00, 0x00, 0x18, 0x00, 0x00, 0x00,
    0x00, 0x54, 0x45, 0x58, 0x43, 0x4F, 0x4F, 0x52, 0x44, 0x00, 0x54, 0x45, 0x58, 0x43, 0x4F, 0x4F,
    0x52, 0x44, 0x00, 0x6D, 0x61, 0x69, 0x6E, 0x00, 0x02, 0x00, 0x00, 0x00, 0x00, 0x00, 0x00, 0x00,
    0x01, 0x00, 0x00, 0x00, 0x10, 0x00, 0x00, 0x00, 0x00, 0x00, 0x00, 0x00, 0x00, 0x00, 0x00, 0x00,
    0x01, 0x00, 0x41, 0x01, 0x01, 0x00, 0x00, 0x00, 0x00, 0x00, 0x00, 0x00, 0x00, 0x00, 0x00, 0x00,
    0x01, 0x01, 0x41, 0x02, 0x01, 0x00, 0x00, 0x00, 0x01, 0x00, 0x00, 0x00, 0x00, 0x00, 0x00, 0x00,
    0x01, 0x00, 0x42, 0x00, 0x03, 0x02, 0x00, 0x00, 0x0A, 0x00, 0x00, 0x00, 0x01, 0x00, 0x00, 0x00,
    0x01, 0x01, 0x41, 0x00, 0x01, 0x01, 0x00, 0x00, 0x00, 0x00, 0x00, 0x00, 0x00, 0x00, 0x00, 0x00,
    0x01, 0x02, 0x44, 0x03, 0x03, 0x04, 0x00, 0x00, 0x03, 0x03, 0x00, 0x00, 0x00, 0x00, 0x00, 0x00,
    0x00, 0x00, 0x00, 0x00, 0x00, 0x00, 0x00, 0x00, 0x13, 0x03, 0x00, 0x00, 0x00, 0x00, 0x00, 0x00,
    0x00, 0x00, 0x00, 0x00, 0x00, 0x00, 0x00, 0x00, 0x48, 0x41, 0x53, 0x48, 0x14, 0x00, 0x00, 0x00,
    0x00, 0x00, 0x00, 0x00, 0x2A, 0xAD, 0x69, 0x41, 0x54, 0x03, 0x35, 0x6E, 0x03, 0x95, 0x5D, 0x3F,
    0x7F, 0x68, 0xE9, 0x3E, 0x44, 0x58, 0x49, 0x4C, 0x88, 0x08, 0x00, 0x00, 0x60, 0x00, 0x01, 0x00,
    0x22, 0x02, 0x00, 0x00, 0x44, 0x58, 0x49, 0x4C, 0x00, 0x01, 0x00, 0x00, 0x10, 0x00, 0x00, 0x00,
    0x70, 0x08, 0x00, 0x00, 0x42, 0x43, 0xC0, 0xDE, 0x21, 0x0C, 0x00, 0x00, 0x19, 0x02, 0x00, 0x00,
    0x0B, 0x82, 0x20, 0x00, 0x02, 0x00, 0x00, 0x00, 0x13, 0x00, 0x00, 0x00, 0x07, 0x81, 0x23, 0x91,
    0x41, 0xC8, 0x04, 0x49, 0x06, 0x10, 0x32, 0x39, 0x92, 0x01, 0x84, 0x0C, 0x25, 0x05, 0x08, 0x19,
    0x1E, 0x04, 0x8B, 0x62, 0x80, 0x18, 0x45, 0x02, 0x42, 0x92, 0x0B, 0x42, 0xC4, 0x10, 0x32, 0x14,
    0x38, 0x08, 0x18, 0x4B, 0x0A, 0x32, 0x62, 0x88, 0x48, 0x90, 0x14, 0x20, 0x43, 0x46, 0x88, 0xA5,
    0x00, 0x19, 0x32, 0x42, 0xE4, 0x48, 0x0E, 0x90, 0x11, 0x23, 0xC4, 0x50, 0x41, 0x51, 0x81, 0x8C,
    0xE1, 0x83, 0xE5, 0x8A, 0x04, 0x31, 0x46, 0x06, 0x51, 0x18, 0x00, 0x00, 0x08, 0x00, 0x00, 0x00,
    0x1B, 0x8C, 0xE0, 0xFF, 0xFF, 0xFF, 0xFF, 0x07, 0x40, 0x02, 0xA8, 0x0D, 0x84, 0xF0, 0xFF, 0xFF,
    0xFF, 0xFF, 0x03, 0x20, 0x6D, 0x30, 0x86, 0xFF, 0xFF, 0xFF, 0xFF, 0x1F, 0x00, 0x09, 0xA8, 0x00,
    0x49, 0x18, 0x00, 0x00, 0x03, 0x00, 0x00, 0x00, 0x13, 0x82, 0x60, 0x42, 0x20, 0x4C, 0x08, 0x06,
    0x00, 0x00, 0x00, 0x00, 0x89, 0x20, 0x00, 0x00, 0x3C, 0x00, 0x00, 0x00, 0x32, 0x22, 0x88, 0x09,
    0x20, 0x64, 0x85, 0x04, 0x13, 0x23, 0xA4, 0x84, 0x04, 0x13, 0x23, 0xE3, 0x84, 0xA1, 0x90, 0x14,
    0x12, 0x4C, 0x8C, 0x8C, 0x0B, 0x84, 0xC4, 0x4C, 0x10, 0x9C, 0xC1, 0x0C, 0x40, 0x32, 0x00, 0x14,
    0x8C, 0x00, 0x94, 0x60, 0x20, 0x62, 0x8E, 0x00, 0x0C, 0xE6, 0x08, 0x90, 0x62, 0x18, 0x86, 0x61,
    0x1C, 0x06, 0x21, 0xC5, 0x18, 0x0C, 0xC3, 0x38, 0x00, 0x52, 0x8A, 0x31, 0x18, 0x86, 0x71, 0x18,
    0xC4, 0x1C, 0x35, 0x5C, 0xFE, 0x84, 0x3D, 0x84, 0xE4, 0x73, 0x1B, 0x55, 0xAC, 0xC4, 0xE4, 0x17,
    0xB7, 0x8D, 0x08, 0x00, 0x00, 0x00, 0x3A, 0xEE, 0x19, 0x2E, 0x7F, 0xC2, 0x1E, 0x42, 0xF2, 0x43,
    0xA0, 0x19, 0x16, 0x02, 0x05, 0x4F, 0x21, 0x1C, 0x03, 0x32, 0x28, 0x3A, 0x6A, 0xB8, 0xFC, 0x09,
    0x7B, 0x08, 0xC9, 0xE7, 0x36, 0xAA, 0x58, 0x89, 0xC9, 0x47, 0x6E, 0x1B, 0x11, 0x86, 0x61, 0x18,
    0x85, 0x98, 0x0C, 0xC8, 0x20, 0x6A, 0x8E, 0x20, 0x28, 0x06, 0x64, 0x1C, 0x86, 0x61, 0xD1, 0x75,
    0xD3, 0x70, 0xF9, 0x13, 0xF6, 0x10, 0x92, 0xBF, 0x12, 0xD2, 0x4A, 0x4C, 0x3E, 0x72, 0xDB, 0xA8,
    0x30, 0x0C, 0xC3, 0x30, 0x4A, 0x91, 0x19, 0x90, 0x61, 0x90, 0x36, 0x10, 0x70, 0x98, 0x34, 0x45,
    0x94, 0x30, 0xF9, 0x1B, 0x36, 0x11, 0xDA, 0x30, 0x44, 0x84, 0x24, 0x6D, 0x54, 0x51, 0x10, 0x11,
    0x0A, 0x0C, 0xEA, 0x86, 0x11, 0x08, 0xE0, 0x88, 0xD5, 0x71, 0x26, 0x14, 0x7C, 0x04, 0x9E, 0xC5,
    0xA6, 0xE2, 0xFA, 0xFE, 0x5C, 0xE4, 0x48, 0xD2, 0xFF, 0x12, 0xD1, 0x44, 0x5C, 0x62, 0x53, 0x38,
    0x48, 0x30, 0x0C, 0x12, 0xF3, 0xC0, 0x98, 0x23, 0x00, 0x05, 0x02, 0x00, 0x13, 0x14, 0x72, 0xC0,
    0x87, 0x74, 0x60, 0x87, 0x36, 0x68, 0x87, 0x79, 0x68, 0x03, 0x72, 0xC0, 0x87, 0x0D, 0xAF, 0x50,
    0x0E, 0x6D, 0xD0, 0x0E, 0x7A, 0x50, 0x0E, 0x6D, 0x00, 0x0F, 0x7A, 0x30, 0x07, 0x72, 0xA0, 0x07,
    0x73, 0x20, 0x07, 0x6D, 0x90, 0x0E, 0x71, 0xA0, 0x07, 0x73, 0x20, 0x07, 0x6D, 0x90, 0x0E, 0x78,
    0xA0, 0x07, 0x73, 0x20, 0x07, 0x6D, 0x90, 0x0E, 0x71, 0x60, 0x07, 0x7A, 0x30, 0x07, 0x72, 0xD0,
    0x06, 0xE9, 0x30, 0x07, 0x72, 0xA0, 0x07, 0x73, 0x20, 0x07, 0x6D, 0x90, 0x0E, 0x76, 0x40, 0x07,
    0x7A, 0x60, 0x07, 0x74, 0xD0, 0x06, 0xE6, 0x10, 0x07, 0x76, 0xA0, 0x07, 0x73, 0x20, 0x07, 0x6D,
    0x60, 0x0E, 0x73, 0x20, 0x07, 0x7A, 0x30, 0x07, 0x72, 0xD0, 0x06, 0xE6, 0x60, 0x07, 0x74, 0xA0,
    0x07, 0x76, 0x40, 0x07, 0x6D, 0xE0, 0x0E, 0x78, 0xA0, 0x07, 0x71, 0x60, 0x07, 0x7A, 0x30, 0x07,
    0x72, 0xA0, 0x07, 0x76, 0x40, 0x07, 0x3A, 0x0F, 0x24, 0x90, 0x21, 0x23, 0x45, 0x44, 0x00, 0x1E,
    0xC2, 0x60, 0x3C, 0xE4, 0x21, 0x00, 0x00, 0x00, 0x00, 0x00, 0x00, 0x00, 0x00, 0x00, 0x00, 0x60,
    0xC8, 0x83, 0x00, 0x01, 0x10, 0x00, 0x00, 0x00, 0x00, 0x00, 0x00, 0x00, 0xC0, 0x90, 0x47, 0x01,
    0x02, 0x40, 0x00, 0x00, 0x00, 0x00, 0x00, 0x00, 0x00, 0x80, 0x21, 0x0F, 0x03, 0x04, 0x80, 0x00,
    0x00, 0x00, 0x00, 0x00, 0x00, 0x00, 0x00, 0x43, 0x9E, 0x08, 0x08, 0x80, 0x01, 0x00, 0x00, 0x00,
    0x00, 0x00, 0x00, 0x00, 0x86, 0x3C, 0x14, 0x10, 0x00, 0x03, 0x00, 0x00, 0x00, 0x00, 0x00, 0x00,
    0x00, 0x0C, 0x79, 0x2E, 0x20, 0x00, 0x06, 0x00, 0x00, 0x00, 0x00, 0x00, 0x00, 0x00, 0x18, 0xF2,
    0x68, 0x40, 0x00, 0x0C, 0x00, 0x00, 0x00, 0x00, 0x00, 0x00, 0x00, 0x90, 0x05, 0x02, 0x00, 0x00,
    0x1A, 0x00, 0x00, 0x00, 0x32, 0x1E, 0x98, 0x18, 0x19, 0x11, 0x4C, 0x90, 0x8C, 0x09, 0x26, 0x47,
    0xC6, 0x04, 0x43, 0x2A, 0x0B, 0x84, 0x8C, 0x12, 0x18, 0x01, 0x28, 0x89, 0x62, 0x28, 0x8B, 0x52,
    0x28, 0x90, 0x22, 0x28, 0x88, 0x32, 0x28, 0x0F, 0x3A, 0x4A, 0xA1, 0x04, 0x46, 0x00, 0x8A, 0xA0,
    0x24, 0xCA, 0xA0, 0x10, 0xC8, 0x9B, 0x01, 0xA0, 0x70, 0x06, 0x80, 0xC6, 0x19, 0x00, 0x22, 0xC7,
    0x3A, 0x0A, 0x66, 0xC4, 0x00, 0x00, 0x98, 0x31, 0x0A, 0xC6, 0x62, 0x00, 0x00, 0x04, 0x41, 0x10,
    0xFF, 0x00, 0x00, 0x04, 0x41, 0x10, 0xFF, 0x00, 0x10, 0x04, 0x41, 0xFC, 0x03, 0x41, 0x10, 0xC4,
    0x3F, 0x00, 0x04, 0x41, 0x10, 0xFF, 0x40, 0x10, 0x04, 0xF1, 0x0F, 0x00, 0x79, 0x18, 0x00, 0x00,
    0x75, 0x00, 0x00, 0x00, 0x1A, 0x03, 0x4C, 0x90, 0x46, 0x02, 0x13, 0xC4, 0x8F, 0x0C, 0x6F, 0x0C,
    0x05, 0x4E, 0x2E, 0xCD, 0x2E, 0x8C, 0xAE, 0x2C, 0x05, 0x24, 0xC6, 0x25, 0xC7, 0x05, 0xC6, 0x25,
    0x06, 0x04, 0x05, 0x86, 0x6C, 0xA6, 0xAC, 0xCC, 0x46, 0xAC, 0x26, 0x65, 0x43, 0x10, 0x4C, 0x10,
    0x0C, 0x65, 0x82, 0x60, 0x2C, 0x1B, 0x84, 0x81, 0x98, 0x20, 0x18, 0xCC, 0x06, 0x61, 0x30, 0x28,
    0xD8, 0xCD, 0x4D, 0x10, 0x8C, 0x66, 0xC3, 0x80, 0x24, 0xC4, 0x04, 0xC1, 0xE3, 0x08, 0x4C, 0x10,
    0x0C, 0x67, 0x43, 0x42, 0x2C, 0x0C, 0x41, 0x0C, 0x0D, 0x01, 0x6C, 0x08, 0x9C, 0x09, 0x42, 0x18,
    0x74, 0x13, 0x04, 0xE3, 0x99, 0x20, 0x18, 0xD0, 0x06, 0x84, 0x80, 0x98, 0x88, 0x18, 0x24, 0x60,
    0x82, 0x30, 0x06, 0xDE, 0x04, 0xC1, 0x88, 0x26, 0x08, 0x86, 0xB4, 0x01, 0x19, 0x28, 0x26, 0xAA,
    0x06, 0x0B, 0xD8, 0x20, 0x4C, 0xD7, 0x06, 0xE2, 0x01, 0x30, 0x60, 0x82, 0x40, 0x06, 0xDF, 0x86,
    0x40, 0x9B, 0x20, 0x14, 0x01, 0x89, 0xB6, 0xB0, 0x34, 0x37, 0x2E, 0x53, 0x56, 0x5F, 0x56, 0x65,
    0x72, 0x74, 0x65, 0x78, 0x49, 0x44, 0x13, 0x84, 0xA3, 0x9A, 0x20, 0x1C, 0xD6, 0x86, 0x80, 0x98,
    0x20, 0x1C, 0xD7, 0x04, 0xC1, 0x98, 0x36, 0x08, 0x63, 0x30, 0x6C, 0x58, 0x08, 0xEF, 0x03, 0x83,
    0x30, 0x10, 0x83, 0x01, 0x0C, 0x08, 0x31, 0x20, 0x03, 0x36, 0x53, 0x56, 0x5F, 0x49, 0x6E, 0x73,
    0x74, 0x61, 0x6E, 0x63, 0x65, 0x49, 0x44, 0x13, 0x84, 0x03, 0xDB, 0xB0, 0x0C, 0x66, 0xF0, 0x9D,
    0x41, 0x18, 0x88, 0xC1, 0x00, 0x06, 0x83, 0x18, 0x90, 0xC1, 0x06, 0xA1, 0x0C, 0xD0, 0x80, 0x08,
    0x55, 0x11, 0xD6, 0xD0, 0xD3, 0x93, 0x14, 0xD1, 0x04, 0xE1, 0xC8, 0x36, 0x08, 0x63, 0x30, 0x06,
    0x1B, 0x16, 0x42, 0x0D, 0xD6, 0x40, 0x0C, 0xC2, 0xE0, 0x0C, 0x86, 0x33, 0x20, 0xC4, 0x80, 0x0D,
    0x36, 0x04, 0xC3, 0x86, 0x65, 0x50, 0x83, 0x4F, 0x0C, 0xDC, 0x00, 0x0C, 0x06, 0x30, 0x18, 0xC4,
    0x80, 0x0C, 0xB8, 0x4C, 0x59, 0x7D, 0x41, 0xBD, 0xCD, 0xA5, 0xD1, 0xA5, 0xBD, 0xB9, 0x4D, 0x10,
    0x0E, 0x6D, 0x82, 0x70, 0x6C, 0x13, 0x04, 0x83, 0xDA, 0x20, 0x8C, 0xC1, 0x1C, 0x6C, 0x58, 0x2A,
    0x38, 0x58, 0x83, 0x38, 0x08, 0x03, 0x39, 0x18, 0xE4, 0xA0, 0x12, 0x03, 0x3A, 0xD8, 0x30, 0xB4,
    0xC1, 0x1B, 0xD4, 0xC1, 0x86, 0x21, 0x0D, 0xEC, 0x00, 0x98, 0x20, 0x94, 0x41, 0xB2, 0x41, 0x20,
    0xF0, 0x60, 0x43, 0xC1, 0x75, 0x77, 0x90, 0xE5, 0x41, 0x15, 0x36, 0x36, 0xBB, 0x36, 0x97, 0x34,
    0xB2, 0x32, 0x37, 0xBA, 0x29, 0x41, 0x50, 0x85, 0x0C, 0xCF, 0xC5, 0xAE, 0x4C, 0x6E, 0x2E, 0xED,
    0xCD, 0x6D, 0x4A, 0x40, 0x34, 0x21, 0xC3, 0x73, 0xB1, 0x0B, 0x63, 0xB3, 0x2B, 0x93, 0x9B, 0x12,
    0x18, 0x75, 0xC8, 0xF0, 0x5C, 0xE6, 0xD0, 0xC2, 0xC8, 0xCA, 0xE4, 0x9A, 0xDE, 0xC8, 0xCA, 0xD8,
    0xA6, 0x04, 0x49, 0x19, 0x32, 0x3C, 0x17, 0xB9, 0xB2, 0xB9, 0xB7, 0x3A, 0xB9, 0xB1, 0xB2, 0xB9,
    0x29, 0x01, 0x56, 0x87, 0x0C, 0xCF, 0xC5, 0x2E, 0xAD, 0xEC, 0x2E, 0x89, 0x6C, 0x8A, 0x2E, 0x8C,
    0xAE, 0x6C, 0x4A, 0xA0, 0xD5, 0x21, 0xC3, 0x73, 0x29, 0x73, 0xA3, 0x93, 0xCB, 0x83, 0x7A, 0x4B,
    0x73, 0xA3, 0x9B, 0x9B, 0x12, 0xE4, 0x01, 0x00, 0x79, 0x18, 0x00, 0x00, 0x4C, 0x00, 0x00, 0x00,
    0x33, 0x08, 0x80, 0x1C, 0xC4, 0xE1, 0x1C, 0x66, 0x14, 0x01, 0x3D, 0x88, 0x43, 0x38, 0x84, 0xC3,
    0x8C, 0x42, 0x80, 0x07, 0x79, 0x78, 0x07, 0x73, 0x98, 0x71, 0x0C, 0xE6, 0x00, 0x0F, 0xED, 0x10,
    0x0E, 0xF4, 0x80, 0x0E, 0x33, 0x0C, 0x42, 0x1E, 0xC2, 0xC1, 0x1D, 0xCE, 0xA1, 0x1C, 0x66, 0x30,
    0x05, 0x3D, 0x88, 0x43, 0x38, 0x84, 0x83, 0x1B, 0xCC, 0x03, 0x3D, 0xC8, 0x43, 0x3D, 0x8C, 0x03,
    0x3D, 0xCC, 0x78, 0x8C, 0x74, 0x70, 0x07, 0x7B, 0x08, 0x07, 0x79, 0x48, 0x87, 0x70, 0x70, 0x07,
    0x7A, 0x70, 0x03, 0x76, 0x78, 0x87, 0x70, 0x20, 0x87, 0x19, 0xCC, 0x11, 0x0E, 0xEC, 0x90, 0x0E,
    0xE1, 0x30, 0x0F, 0x6E, 0x30, 0x0F, 0xE3, 0xF0, 0x0E, 0xF0, 0x50, 0x0E, 0x33, 0x10, 0xC4, 0x1D,
    0xDE, 0x21, 0x1C, 0xD8, 0x21, 0x1D, 0xC2, 0x61, 0x1E, 0x66, 0x30, 0x89, 0x3B, 0xBC, 0x83, 0x3B,
    0xD0, 0x43, 0x39, 0xB4, 0x03, 0x3C, 0xBC, 0x83, 0x3C, 0x84, 0x03, 0x3B, 0xCC, 0xF0, 0x14, 0x76,
    0x60, 0x07, 0x7B, 0x68, 0x07, 0x37, 0x68, 0x87, 0x72, 0x68, 0x07, 0x37, 0x80, 0x87, 0x70, 0x90,
    0x87, 0x70, 0x60, 0x07, 0x76, 0x28, 0x07, 0x76, 0xF8, 0x05, 0x76, 0x78, 0x87, 0x77, 0x80, 0x87,
    0x5F, 0x08, 0x87, 0x71, 0x18, 0x87, 0x72, 0x98, 0x87, 0x79, 0x98, 0x81, 0x2C, 0xEE, 0xF0, 0x0E,
    0xEE, 0xE0, 0x0E, 0xF5, 0xC0, 0x0E, 0xEC, 0x30, 0x03, 0x62, 0xC8, 0xA1, 0x1C, 0xE4, 0xA1, 0x1C,
    0xCC, 0xA1, 0x1C, 0xE4, 0xA1, 0x1C, 0xDC, 0x61, 0x1C, 0xCA, 0x21, 0x1C, 0xC4, 0x81, 0x1D, 0xCA,
    0x61, 0x06, 0xD6, 0x90, 0x43, 0x39, 0xC8, 0x43, 0x39, 0x98, 0x43, 0x39, 0xC8, 0x43, 0x39, 0xB8,
    0xC3, 0x38, 0x94, 0x43, 0x38, 0x88, 0x03, 0x3B, 0x94, 0xC3, 0x2F, 0xBC, 0x83, 0x3C, 0xFC, 0x82,
    0x3B, 0xD4, 0x03, 0x3B, 0xB0, 0xC3, 0x8C, 0xC8, 0x21, 0x07, 0x7C, 0x70, 0x03, 0x72, 0x10, 0x87,
    0x73, 0x70, 0x03, 0x7B, 0x08, 0x07, 0x79, 0x60, 0x87, 0x70, 0xC8, 0x87, 0x77, 0xA8, 0x07, 0x7A,
    0x98, 0x81, 0x3C, 0xE4, 0x80, 0x0F, 0x6E, 0x40, 0x0F, 0xE5, 0xD0, 0x0E, 0xF0, 0x00, 0x00, 0x00,
    0x71, 0x20, 0x00, 0x00, 0x25, 0x00, 0x00, 0x00, 0x06, 0xA0, 0xFC, 0x3B, 0xEF, 0x57, 0x7E, 0x3D,
    0x20, 0x8C, 0x21, 0x50, 0xC3, 0xE5, 0x3B, 0x8F, 0x1F, 0x50, 0x45, 0x41, 0x44, 0xA5, 0x03, 0x0C,
    0x3E, 0x72, 0xDB, 0x56, 0xB0, 0x0D, 0x97, 0xEF, 0x3C, 0xBE, 0x10, 0x50, 0x45, 0x41, 0x44, 0xA5,
    0x03, 0x0C, 0x25, 0x61, 0x00, 0x02, 0xE6, 0x17, 0xB7, 0x6D, 0x06, 0xDB, 0x70, 0xF9, 0xCE, 0xE3,
    0x0B, 0x01, 0x55, 0x14, 0x44, 0x54, 0x3A, 0xC0, 0x50, 0x12, 0x06, 0x20, 0x60, 0x3E, 0x72, 0xDB,
    0x76, 0x20, 0x0D, 0x97, 0xEF, 0x3C, 0xBE, 0x10, 0x11, 0xC0, 0x44, 0x84, 0x40, 0x33, 0x2C, 0x84,
    0x09, 0x4C, 0xC3, 0xE5, 0x3B, 0x8F, 0xBF, 0x38, 0xC0, 0x20, 0x36, 0x0F, 0x35, 0xF9, 0xC8, 0x6D,
    0xDB, 0x40, 0x35, 0x5C, 0xBE, 0xF3, 0xF8, 0xD2, 0xE4, 0x44, 0x04, 0x4A, 0x4D, 0x0F, 0x35, 0xF9,
    0xC5, 0x6D, 0x1B, 0x41, 0x35, 0x5C, 0xBE, 0xF3, 0xF8, 0xD2, 0xE4, 0x44, 0x04, 0x4A, 0x4D, 0x0F,
    0x35, 0xF9, 0xC8, 0x6D, 0x5B, 0x00, 0xC1, 0x00, 0x48, 0x03, 0x00, 0x00, 0x61, 0x20, 0x00, 0x00,
    0x6B, 0x00, 0x00, 0x00, 0x13, 0x04, 0x41, 0x2C, 0x10, 0x00, 0x00, 0x00, 0x0B, 0x00, 0x00, 0x00,
    0x64, 0x8D, 0x00, 0x90, 0x51, 0x88, 0x01, 0x05, 0x2A, 0x50, 0x08, 0x25, 0x37, 0x03, 0x50, 0x76,
    0x04, 0x8C, 0x00, 0x8C, 0x11, 0x80, 0x20, 0x08, 0xE2, 0xDF, 0x18, 0x01, 0x08, 0x82, 0x20, 0x08,
    0x06, 0x63, 0x04, 0x20, 0x08, 0x82, 0xF8, 0x2F, 0x00, 0x00, 0x00, 0x00, 0x23, 0x06, 0x09, 0x00,
    0x82, 0x60, 0x70, 0x95, 0xC1, 0x51, 0x85, 0x41, 0x18, 0x2C, 0x23, 0x06, 0x09, 0x00, 0x82, 0x60,
    0x70, 0x99, 0x01, 0x52, 0x8D, 0x01, 0xC7, 0x8C, 0x18, 0x24, 0x00, 0x08, 0x82, 0xC1, 0x75, 0x06,
    0x89, 0x35, 0x06, 0x63, 0xD0, 0x8C, 0x18, 0x24, 0x00, 0x08, 0x82, 0x01, 0xD2, 0x06, 0x4B, 0x19,
    0x90, 0x01, 0x96, 0x8C, 0x18, 0x24, 0x00, 0x08, 0x82, 0x01, 0xE2, 0x06, 0x4C, 0x19, 0x94, 0x41,
    0xA6, 0x8C, 0x18, 0x1C, 0x00, 0x08, 0x82, 0x01, 0xB5, 0x06, 0x0A, 0x61, 0x06, 0xA3, 0x09, 0x01,
    0x60, 0xC1, 0x00, 0x82, 0xD1, 0x84, 0x21, 0xB0, 0xC0, 0x00, 0x81, 0x05, 0x93, 0x08, 0x46, 0x0C,
    0x10, 0x00, 0x04, 0xC1, 0x40, 0x7B, 0x83, 0x6A, 0x09, 0xA2, 0xD1, 0x84, 0x00, 0x18, 0x4D, 0x10,
    0x82, 0xD1, 0x84, 0x41, 0x18, 0x4D, 0x20, 0x86, 0x23, 0x80, 0x3D, 0x02, 0xD8, 0x23, 0x80, 0x3D,
    0x02, 0xD8, 0x11, 0x83, 0x03, 0x00, 0x41, 0x30, 0x88, 0xF6, 0x20, 0x93, 0xEA, 0x60, 0x34, 0x21,
    0x10, 0xCC, 0x08, 0xE4, 0x63, 0x86, 0x20, 0x9F, 0x8A, 0xE6, 0x40, 0x4A, 0x0F, 0x02, 0x58, 0xC1,
    0x60, 0x0A, 0x7B, 0x10, 0x50, 0x00, 0x8C, 0xAA, 0xEE, 0x40, 0xEA, 0x0F, 0x02, 0x58, 0xC1, 0xA0,
    0x0A, 0x7F, 0x10, 0x50, 0x00, 0x0C, 0x73, 0x16, 0xF9, 0x98, 0xC3, 0xC8, 0xC7, 0x04, 0x32, 0x80,
    0x8F, 0x05, 0x88, 0x7C, 0x2C, 0x28, 0x03, 0xF8, 0x18, 0x71, 0x06, 0xF0, 0xB1, 0xE0, 0x90, 0x8F,
    0x05, 0x68, 0x00, 0x1F, 0x23, 0x24, 0xF8, 0x98, 0x20, 0xC1, 0x67, 0xC4, 0xE0, 0x00, 0x40, 0x10,
    0x0C, 0xA2, 0x58, 0x78, 0x03, 0x34, 0x58, 0x85, 0xD1, 0x84, 0x00, 0x30, 0x22, 0x90, 0x8F, 0x05,
    0x6E, 0x00, 0x9F, 0xD1, 0x04, 0x22, 0x30, 0x23, 0x90, 0x8F, 0xCD, 0x41, 0x10, 0x9F, 0x11, 0x83,
    0x04, 0x00, 0x41, 0x30, 0x50, 0x74, 0xC1, 0x15, 0x64, 0x41, 0x16, 0x4C, 0xA1, 0x19, 0x31, 0x48,
    0x00, 0x10, 0x04, 0x03, 0x45, 0x17, 0x5C, 0x41, 0x16, 0x64, 0xE1, 0x14, 0x94, 0x11, 0x83, 0x04,
    0x00, 0x41, 0x30, 0x60, 0x72, 0xC1, 0x15, 0x66, 0x41, 0x16, 0x4C, 0x01, 0x0D, 0x46, 0x0C, 0x12,
    0x00, 0x04, 0xC1, 0x40, 0xD1, 0x05, 0x57, 0x60, 0x05, 0x59, 0x30, 0x05, 0x62, 0xC4, 0x20, 0x01,
    0x40, 0x10, 0x0C, 0x14, 0x5D, 0x70, 0x05, 0x56, 0x90, 0x85, 0x53, 0x08, 0x46, 0x0C, 0x12, 0x00,
    0x04, 0xC1, 0x40, 0xD1, 0x05, 0x57, 0x60, 0x05, 0x59, 0x28, 0x85, 0x3A, 0x18, 0x31, 0x48, 0x00,
    0x10, 0x04, 0x03, 0x45, 0x17, 0x5C, 0x81, 0x15, 0x64, 0x61, 0x14, 0xE8, 0x00, 0x01, 0x00, 0x00,
    0x00, 0x00, 0x00, 0x00, 0x44, 0x58, 0x42, 0x43, 0x5D, 0xC7, 0x4B, 0xE6, 0x3D, 0xBC, 0xC4, 0x73,
    0xFC, 0xC1, 0x04, 0x94, 0x3A, 0xC3, 0x3D, 0x8D, 0x01, 0x00, 0x00, 0x00, 0x88, 0x0D, 0x00, 0x00,
    0x06, 0x00, 0x00, 0x00, 0x38, 0x00, 0x00, 0x00, 0x48, 0x00, 0x00, 0x00, 0xA4, 0x00, 0x00, 0x00,
    0xE0, 0x00, 0x00, 0x00, 0xD4, 0x01, 0x00, 0x00, 0xF0, 0x01, 0x00, 0x00, 0x53, 0x46, 0x49, 0x30,
    0x08, 0x00, 0x00, 0x00, 0x00, 0x00, 0x00, 0x00, 0x00, 0x00, 0x00, 0x00, 0x49, 0x53, 0x47, 0x31,
    0x54, 0x00, 0x00, 0x00, 0x02, 0x00, 0x00, 0x00, 0x08, 0x00, 0x00, 0x00, 0x00, 0x00, 0x00, 0x00,
    0x48, 0x00, 0x00, 0x00, 0x00, 0x00, 0x00, 0x00, 0x00, 0x00, 0x00, 0x00, 0x03, 0x00, 0x00, 0x00,
    0x00, 0x00, 0x00, 0x00, 0x03, 0x03, 0x00, 0x00, 0x00, 0x00, 0x00, 0x00, 0x00, 0x00, 0x00, 0x00,
    0x48, 0x00, 0x00, 0x00, 0x01, 0x00, 0x00, 0x00, 0x00, 0x00, 0x00, 0x00, 0x01, 0x00, 0x00, 0x00,
    0x01, 0x00, 0x00, 0x00, 0x01, 0x01, 0x00, 0x00, 0x00, 0x00, 0x00, 0x00, 0x54, 0x45, 0x58, 0x43,
    0x4F, 0x4F, 0x52, 0x44, 0x00, 0x00, 0x00, 0x00, 0x4F, 0x53, 0x47, 0x31, 0x34, 0x00, 0x00, 0x00,
    0x01, 0x00, 0x00, 0x00, 0x08, 0x00, 0x00, 0x00, 0x00, 0x00, 0x00, 0x00, 0x28, 0x00, 0x00, 0x00,
    0x00, 0x00, 0x00, 0x00, 0x40, 0x00, 0x00, 0x00, 0x03, 0x00, 0x00, 0x00, 0x00, 0x00, 0x00, 0x00,
    0x0F, 0x00, 0x00, 0x00, 0x00, 0x00, 0x00, 0x00, 0x53, 0x56, 0x5F, 0x54, 0x61, 0x72, 0x67, 0x65,
    0x74, 0x00, 0x00, 0x00, 0x50, 0x53, 0x56, 0x30, 0xEC, 0x00, 0x00, 0x00, 0x34, 0x00, 0x00, 0x00,
    0x00, 0x00, 0x00, 0x00, 0x00, 0x00, 0x00, 0x00, 0x00, 0x00, 0x00, 0x00, 0x00, 0x00, 0x00, 0x00,
    0x00, 0x00, 0x00, 0x00, 0xFF, 0xFF, 0xFF, 0xFF, 0x00, 0x00, 0x00, 0x00, 0x02, 0x01, 0x00, 0x02,
    0x01, 0x00, 0x00, 0x00, 0x00, 0x00, 0x00, 0x00, 0x00, 0x00, 0x00, 0x00, 0x00, 0x00, 0x00, 0x00,
    0x13, 0x00, 0x00, 0x00, 0x02, 0x00, 0x00, 0x00, 0x18, 0x00, 0x00, 0x00, 0x02, 0x00, 0x00, 0x00,
    0x05, 0x00, 0x00, 0x00, 0x00, 0x00, 0x00, 0x00, 0x00, 0x00, 0x00, 0x00, 0x0D, 0x00, 0x00, 0x00,
    0x00, 0x00, 0x00, 0x00, 0x04, 0x00, 0x00, 0x00, 0x00, 0x00, 0x00, 0x00, 0x00, 0x00, 0x00, 0x00,
    0x00, 0x00, 0x00, 0x00, 0x0B, 0x00, 0x00, 0x00, 0x00, 0x00, 0x00, 0x00, 0x18, 0x00, 0x00, 0x00,
    0x00, 0x54, 0x45, 0x58, 0x43, 0x4F, 0x4F, 0x52, 0x44, 0x00, 0x54, 0x45, 0x58, 0x43, 0x4F, 0x4F,
    0x52, 0x44, 0x00, 0x6D, 0x61, 0x69, 0x6E, 0x00, 0x02, 0x00, 0x00, 0x00, 0x00, 0x00, 0x00, 0x00,
    0x01, 0x00, 0x00, 0x00, 0x10, 0x00, 0x00, 0x00, 0x01, 0x00, 0x00, 0x00, 0x00, 0x00, 0x00, 0x00,
    0x01, 0x00, 0x42, 0x00, 0x03, 0x02, 0x00, 0x00, 0x0A, 0x00, 0x00, 0x00, 0x01, 0x00, 0x00, 0x00,
    0x01, 0x01, 0x41, 0x00, 0x01, 0x01, 0x00, 0x00, 0x00, 0x00, 0x00, 0x00, 0x00, 0x00, 0x00, 0x00,
    0x01, 0x00, 0x44, 0x10, 0x03, 0x00, 0x00, 0x00, 0x0F, 0x00, 0x00, 0x00, 0x0F, 0x00, 0x00, 0x00,
    0x00, 0x00, 0x00, 0x00, 0x00, 0x00, 0x00, 0x00, 0x0F, 0x00, 0x00, 0x00, 0x00, 0x00, 0x00, 0x00,
    0x00, 0x00, 0x00, 0x00, 0x00, 0x00, 0x00, 0x00, 0x48, 0x41, 0x53, 0x48, 0x14, 0x00, 0x00, 0x00,
    0x00, 0x00, 0x00, 0x00, 0xB6, 0x13, 0xC6, 0x19, 0x1C, 0x6B, 0xDE, 0x18, 0xAD, 0x07, 0x53, 0xB7,
    0x83, 0x02, 0x2C, 0xBD, 0x44, 0x58, 0x49, 0x4C, 0x90, 0x0B, 0x00, 0x00, 0x60, 0x00, 0x00, 0x00,
    0xE4, 0x02, 0x00, 0x00, 0x44, 0x58, 0x49, 0x4C, 0x00, 0x01, 0x00, 0x00, 0x10, 0x00, 0x00, 0x00,
    0x78, 0x0B, 0x00, 0x00, 0x42, 0x43, 0xC0, 0xDE, 0x21, 0x0C, 0x00, 0x00, 0xDB, 0x02, 0x00, 0x00,
    0x0B, 0x82, 0x20, 0x00, 0x02, 0x00, 0x00, 0x00, 0x13, 0x00, 0x00, 0x00, 0x07, 0x81, 0x23, 0x91,
    0x41, 0xC8, 0x04, 0x49, 0x06, 0x10, 0x32, 0x39, 0x92, 0x01, 0x84, 0x0C, 0x25, 0x05, 0x08, 0x19,
    0x1E, 0x04, 0x8B, 0x62, 0x80, 0x18, 0x45, 0x02, 0x42, 0x92, 0x0B, 0x42, 0xC4, 0x10, 0x32, 0x14,
    0x38, 0x08, 0x18, 0x4B, 0x0A, 0x32, 0x62, 0x88, 0x48, 0x90, 0x14, 0x20, 0x43, 0x46, 0x88, 0xA5,
    0x00, 0x19, 0x32, 0x42, 0xE4, 0x48, 0x0E, 0x90, 0x11, 0x23, 0xC4, 0x50, 0x41, 0x51, 0x81, 0x8C,
    0xE1, 0x83, 0xE5, 0x8A, 0x04, 0x31, 0x46, 0x06, 0x51, 0x18, 0x00, 0x00, 0x08, 0x00, 0x00, 0x00,
    0x1B, 0x8C, 0xE0, 0xFF, 0xFF, 0xFF, 0xFF, 0x07, 0x40, 0x02, 0xA8, 0x0D, 0x84, 0xF0, 0xFF, 0xFF,
    0xFF, 0xFF, 0x03, 0x20, 0x6D, 0x30, 0x86, 0xFF, 0xFF, 0xFF, 0xFF, 0x1F, 0x00, 0x09, 0xA8, 0x00,
    0x49, 0x18, 0x00, 0x00, 0x03, 0x00, 0x00, 0x00, 0x13, 0x82, 0x60, 0x42, 0x20, 0x4C, 0x08, 0x06,
    0x00, 0x00, 0x00, 0x00, 0x89, 0x20, 0x00, 0x00, 0x33, 0x00, 0x00, 0x00, 0x32, 0x22, 0x88, 0x09,
    0x20, 0x64, 0x85, 0x04, 0x13, 0x23, 0xA4, 0x84, 0x04, 0x13, 0x23, 0xE3, 0x84, 0xA1, 0x90, 0x14,
    0x12, 0x4C, 0x8C, 0x8C, 0x0B, 0x84, 0xC4, 0x4C, 0x10, 0x98, 0xC1, 0x08, 0x40, 0x09, 0x00, 0x0A,
    0x66, 0x00, 0xE6, 0x08, 0xC0, 0x60, 0x8E, 0x00, 0x29, 0xC6, 0x40, 0x10, 0x44, 0x41, 0x90, 0x51,
    0x0C, 0x82, 0x20, 0x88, 0x82, 0x20, 0xA4, 0x18, 0x00, 0x41, 0x10, 0xC5, 0x40, 0x4A, 0x21, 0x06,
    0x62, 0x18, 0x88, 0x29, 0xC3, 0x40, 0x0C, 0xE4, 0x1C, 0x35, 0x5C, 0xFE, 0x84, 0x3D, 0x84, 0xE4,
    0x73, 0x1B, 0x55, 0xAC, 0xC4, 0xE4, 0x17, 0xB7, 0x8D, 0x88, 0x61, 0x18, 0x06, 0x2A, 0xEE, 0x19,
    0x2E, 0x7F, 0xC2, 0x1E, 0x42, 0xF2, 0x43, 0xA0, 0x19, 0x16, 0x02, 0x05, 0x51, 0x21, 0x20, 0x42,
    0x22, 0x68, 0x9A, 0x23, 0x08, 0x8A, 0x21, 0x11, 0x05, 0x41, 0x54, 0x64, 0xDD, 0x34, 0x5C, 0xFE,
    0x84, 0x3D, 0x84, 0xE4, 0xAF, 0x84, 0xB4, 0x12, 0x93, 0x8F, 0xDC, 0x36, 0x2A, 0x08, 0x82, 0x20,
    0x88, 0x52, 0x60, 0x84, 0x44, 0x10, 0x94, 0x0D, 0x04, 0x1C, 0x26, 0x4D, 0x11, 0x25, 0x4C, 0xFE,
    0x86, 0x4D, 0x84, 0x36, 0x0C, 0x11, 0x21, 0x49, 0x1B, 0x55, 0x14, 0x44, 0x84, 0x02, 0x82, 0xB8,
    0x61, 0x04, 0x62, 0x38, 0x62, 0x75, 0x9C, 0x09, 0x05, 0x1E, 0x7D, 0x79, 0x40, 0xCC, 0x11, 0x80,
    0x42, 0x12, 0x0C, 0x34, 0xD2, 0x00, 0x00, 0x00, 0x13, 0x14, 0x72, 0xC0, 0x87, 0x74, 0x60, 0x87,
    0x36, 0x68, 0x87, 0x79, 0x68, 0x03, 0x72, 0xC0, 0x87, 0x0D, 0xAF, 0x50, 0x0E, 0x6D, 0xD0, 0x0E,
    0x7A, 0x50, 0x0E, 0x6D, 0x00, 0x0F, 0x7A, 0x30, 0x07, 0x72, 0xA0, 0x07, 0x73, 0x20, 0x07, 0x6D,
    0x90, 0x0E, 0x71, 0xA0, 0x07, 0x73, 0x20, 0x07, 0x6D, 0x90, 0x0E, 0x78, 0xA0, 0x07, 0x73, 0x20,
    0x07, 0x6D, 0x90, 0x0E, 0x71, 0x60, 0x07, 0x7A, 0x30, 0x07, 0x72, 0xD0, 0x06, 0xE9, 0x30, 0x07,
    0x72, 0xA0, 0x07, 0x73, 0x20, 0x07, 0x6D, 0x90, 0x0E, 0x76, 0x40, 0x07, 0x7A, 0x60, 0x07, 0x74,
    0xD0, 0x06, 0xE6, 0x10, 0x07, 0x76, 0xA0, 0x07, 0x73, 0x20, 0x07, 0x6D, 0x60, 0x0E, 0x73, 0x20,
    0x07, 0x7A, 0x30, 0x07, 0x72, 0xD0, 0x06, 0xE6, 0x60, 0x07, 0x74, 0xA0, 0x07, 0x76, 0x40, 0x07,
    0x6D, 0xE0, 0x0E, 0x78, 0xA0, 0x07, 0x71, 0x60, 0x07, 0x7A, 0x30, 0x07, 0x72, 0xA0, 0x07, 0x76,
    0x40, 0x07, 0x43, 0x9E, 0x00, 0x00, 0x00, 0x00, 0x00, 0x00, 0x00, 0x00, 0x00, 0x00, 0x00, 0x86,
    0x3C, 0x06, 0x10, 0x00, 0x01, 0x00, 0x00, 0x00, 0x00, 0x00, 0x00, 0x00, 0x0C, 0x79, 0x10, 0x20,
    0x00, 0x02, 0x00, 0x00, 0x00, 0x00, 0x00, 0x00, 0x00, 0x18, 0xF2, 0x28, 0x40, 0x00, 0x08, 0x00,
    0x00, 0x00, 0x00, 0x00, 0x00, 0x00, 0x30, 0xE4, 0x61, 0x80, 0x00, 0x08, 0x00, 0x00, 0x00, 0x00,
    0x00, 0x00, 0x00, 0x60, 0xC8, 0xE3, 0x00, 0x01, 0x10, 0x00, 0x00, 0x00, 0x00, 0x00, 0x00, 0x00,
    0xC0, 0x90, 0x67, 0x02, 0x02, 0x60, 0x00, 0x00, 0x00, 0x00, 0x00, 0x00, 0x00, 0x80, 0x21, 0x8F,
    0x05, 0x04, 0xC0, 0x00, 0x00, 0x00, 0x00, 0x00, 0x00, 0x00, 0x00, 0x43, 0x9E, 0x0C, 0x08, 0x80,
    0x01, 0x00, 0x00, 0x00, 0x00, 0x00, 0x00, 0x00, 0xB2, 0x40, 0x00, 0x00, 0x10, 0x00, 0x00, 0x00,
    0x32, 0x1E, 0x98, 0x14, 0x19, 0x11, 0x4C, 0x90, 0x8C, 0x09, 0x26, 0x47, 0xC6, 0x04, 0x43, 0x22,
    0x4A, 0x60, 0x04, 0xA0, 0x24, 0x8A, 0xA1, 0x2C, 0x4A, 0xA1, 0x40, 0xCA, 0xA0, 0x3C, 0xA8, 0x28,
    0x89, 0x11, 0x80, 0x22, 0x28, 0x85, 0x12, 0x28, 0x90, 0x42, 0x20, 0x71, 0x04, 0xA0, 0x40, 0x28,
    0x1C, 0xEB, 0x28, 0x88, 0xE7, 0x01, 0x80, 0x87, 0xC0, 0x19, 0x00, 0xEA, 0x66, 0x00, 0x00, 0x00,
    0x79, 0x18, 0x00, 0x00, 0x6F, 0x00, 0x00, 0x00, 0x1A, 0x03, 0x4C, 0x90, 0x46, 0x02, 0x13, 0xC4,
    0x8F, 0x0C, 0x6F, 0x0C, 0x05, 0x4E, 0x2E, 0xCD, 0x2E, 0x8C, 0xAE, 0x2C, 0x05, 0x24, 0xC6, 0x25,
    0xC7, 0x05, 0xC6, 0x25, 0x06, 0x04, 0x05, 0x86, 0x6C, 0xA6, 0xAC, 0xCC, 0x46, 0xAC, 0x26, 0x65,
    0x43, 0x10, 0x4C, 0x10, 0x88, 0x64, 0x82, 0x40, 0x28, 0x1B, 0x84, 0x81, 0x98, 0x20, 0x10, 0xCB,
    0x06, 0x61, 0x30, 0x28, 0xC0, 0xCD, 0x4D, 0x10, 0x08, 0x66, 0xC3, 0x80, 0x24, 0xC4, 0x04, 0xA1,
    0xEB, 0x08, 0x4C, 0x10, 0x88, 0x66, 0x43, 0x42, 0x2C, 0x0C, 0x41, 0x0C, 0x0D, 0x01, 0x6C, 0x08,
    0x9C, 0x09, 0x02, 0x18, 0x70, 0x13, 0x04, 0xC2, 0x99, 0x20, 0x10, 0xCF, 0x06, 0x84, 0x80, 0x98,
    0x88, 0x18, 0x24, 0x60, 0x43, 0x30, 0x6D, 0x20, 0x1E, 0x80, 0x02, 0x26, 0x08, 0x61, 0xB0, 0x6D,
    0x08, 0xAC, 0x09, 0x82, 0x00, 0x90, 0x68, 0x0B, 0x4B, 0x73, 0x23, 0x42, 0x55, 0x84, 0x35, 0xF4,
    0xF4, 0x24, 0x45, 0x34, 0x41, 0x28, 0xA4, 0x09, 0x42, 0x31, 0x6D, 0x08, 0x88, 0x09, 0x42, 0x41,
    0x4D, 0x10, 0x08, 0x68, 0x83, 0xF0, 0x7D, 0x1B, 0x16, 0x42, 0xDB, 0xB8, 0xCE, 0x1B, 0x3C, 0x82,
    0x03, 0x83, 0x09, 0x42, 0x51, 0x6D, 0x08, 0x86, 0x09, 0x42, 0x61, 0x6D, 0x10, 0xBE, 0x61, 0xC3,
    0x32, 0x68, 0x62, 0xC0, 0x8D, 0x01, 0x19, 0x0C, 0x64, 0x30, 0x70, 0x65, 0xB0, 0x41, 0x08, 0x03,
    0x33, 0x60, 0x32, 0x65, 0xF5, 0x45, 0x15, 0x26, 0x77, 0x56, 0x46, 0x37, 0x41, 0x28, 0xAE, 0x09,
    0x42, 0x81, 0x4D, 0x10, 0x88, 0x68, 0x83, 0xF0, 0xAD, 0xC1, 0x86, 0x85, 0x40, 0x83, 0x2D, 0x0D,
    0x3A, 0x6E, 0x50, 0x03, 0x82, 0x63, 0x83, 0x0D, 0x41, 0x1B, 0x6C, 0x18, 0xCE, 0xC0, 0x0D, 0x80,
    0x09, 0x82, 0x18, 0x68, 0x1B, 0x04, 0x02, 0x0E, 0x36, 0x14, 0x58, 0xF6, 0x06, 0x55, 0x1C, 0xB0,
    0x30, 0x63, 0x7B, 0x0B, 0xA3, 0xE3, 0xF3, 0xD6, 0xE6, 0x96, 0x06, 0xF7, 0x46, 0x57, 0xE6, 0x46,
    0x07, 0x32, 0x86, 0x16, 0x26, 0xC7, 0x68, 0x2A, 0xAD, 0x0D, 0x8E, 0xAD, 0x0C, 0x64, 0xE8, 0x65,
    0x68, 0x65, 0x05, 0x84, 0x4A, 0x28, 0x28, 0x68, 0x43, 0x50, 0x07, 0x13, 0x04, 0x31, 0xC8, 0x36,
    0x0C, 0x74, 0x60, 0x07, 0x77, 0xB0, 0x61, 0x98, 0x03, 0x3C, 0xB8, 0x83, 0x0D, 0x43, 0x1E, 0xE4,
    0xC1, 0x1D, 0x54, 0x61, 0x63, 0xB3, 0x6B, 0x73, 0x49, 0x23, 0x2B, 0x73, 0xA3, 0x9B, 0x12, 0x04,
    0x55, 0xC8, 0xF0, 0x5C, 0xEC, 0xCA, 0xE4, 0xE6, 0xD2, 0xDE, 0xDC, 0xA6, 0x04, 0x44, 0x13, 0x32,
    0x3C, 0x17, 0xBB, 0x30, 0x36, 0xBB, 0x32, 0xB9, 0x29, 0x81, 0x51, 0x87, 0x0C, 0xCF, 0x65, 0x0E,
    0x2D, 0x8C, 0xAC, 0x4C, 0xAE, 0xE9, 0x8D, 0xAC, 0x8C, 0x6D, 0x4A, 0x90, 0x94, 0x21, 0xC3, 0x73,
    0x91, 0x2B, 0x9B, 0x7B, 0xAB, 0x93, 0x1B, 0x2B, 0x9B, 0x9B, 0x12, 0x50, 0x75, 0xC8, 0xF0, 0x5C,
    0xEC, 0xD2, 0xCA, 0xEE, 0x92, 0xC8, 0xA6, 0xE8, 0xC2, 0xE8, 0xCA, 0xA6, 0x04, 0x56, 0x1D, 0x32,
    0x3C, 0x97, 0x32, 0x37, 0x3A, 0xB9, 0x3C, 0xA8, 0xB7, 0x34, 0x37, 0xBA, 0xB9, 0x29, 0x41, 0x1C,
    0x00, 0x00, 0x00, 0x00, 0x79, 0x18, 0x00, 0x00, 0x4C, 0x00, 0x00, 0x00, 0x33, 0x08, 0x80, 0x1C,
    0xC4, 0xE1, 0x1C, 0x66, 0x14, 0x01, 0x3D, 0x88, 0x43, 0x38, 0x84, 0xC3, 0x8C, 0x42, 0x80, 0x07,
    0x79, 0x78, 0x07, 0x73, 0x98, 0x71, 0x0C, 0xE6, 0x00, 0x0F, 0xED, 0x10, 0x0E, 0xF4, 0x80, 0x0E,
    0x33, 0x0C, 0x42, 0x1E, 0xC2, 0xC1, 0x1D, 0xCE, 0xA1, 0x1C, 0x66, 0x30, 0x05, 0x3D, 0x88, 0x43,
    0x38, 0x84, 0x83, 0x1B, 0xCC, 0x03, 0x3D, 0xC8, 0x43, 0x3D, 0x8C, 0x03, 0x3D, 0xCC, 0x78, 0x8C,
    0x74, 0x70, 0x07, 0x7B, 0x08, 0x07, 0x79, 0x48, 0x87, 0x70, 0x70, 0x07, 0x7A, 0x70, 0x03, 0x76,
    0x78, 0x87, 0x70, 0x20, 0x87, 0x19, 0xCC, 0x11, 0x0E, 0xEC, 0x90, 0x0E, 0xE1, 0x30, 0x0F, 0x6E,
    0x30, 0x0F, 0xE3, 0xF0, 0x0E, 0xF0, 0x50, 0x0E, 0x33, 0x10, 0xC4, 0x1D, 0xDE, 0x21, 0x1C, 0xD8,
    0x21, 0x1D, 0xC2, 0x61, 0x1E, 0x66, 0x30, 0x89, 0x3B, 0xBC, 0x83, 0x3B, 0xD0, 0x43, 0x39, 0xB4,
    0x03, 0x3C, 0xBC, 0x83, 0x3C, 0x84, 0x03, 0x3B, 0xCC, 0xF0, 0x14, 0x76, 0x60, 0x07, 0x7B, 0x68,
    0x07, 0x37, 0x68, 0x87, 0x72, 0x68, 0x07, 0x37, 0x80, 0x87, 0x70, 0x90, 0x87, 0x70, 0x60, 0x07,
    0x76, 0x28, 0x07, 0x76, 0xF8, 0x05, 0x76, 0x78, 0x87, 0x77, 0x80, 0x87, 0x5F, 0x08, 0x87, 0x71,
    0x18, 0x87, 0x72, 0x98, 0x87, 0x79, 0x98, 0x81, 0x2C, 0xEE, 0xF0, 0x0E, 0xEE, 0xE0, 0x0E, 0xF5,
    0xC0, 0x0E, 0xEC, 0x30, 0x03, 0x62, 0xC8, 0xA1, 0x1C, 0xE4, 0xA1, 0x1C, 0xCC, 0xA1, 0x1C, 0xE4,
    0xA1, 0x1C, 0xDC, 0x61, 0x1C, 0xCA, 0x21, 0x1C, 0xC4, 0x81, 0x1D, 0xCA, 0x61, 0x06, 0xD6, 0x90,
    0x43, 0x39, 0xC8, 0x43, 0x39, 0x98, 0x43, 0x39, 0xC8, 0x43, 0x39, 0xB8, 0xC3, 0x38, 0x94, 0x43,
    0x38, 0x88, 0x03, 0x3B, 0x94, 0xC3, 0x2F, 0xBC, 0x83, 0x3C, 0xFC, 0x82, 0x3B, 0xD4, 0x03, 0x3B,
    0xB0, 0xC3, 0x0C, 0xC4, 0x21, 0x07, 0x7C, 0x70, 0x03, 0x7A, 0x28, 0x87, 0x76, 0x80, 0x87, 0x19,
    0xD1, 0x43, 0x0E, 0xF8, 0xE0, 0x06, 0xE4, 0x20, 0x0E, 0xE7, 0xE0, 0x06, 0xF6, 0x10, 0x0E, 0xF2,
    0xC0, 0x0E, 0xE1, 0x90, 0x0F, 0xEF, 0x50, 0x0F, 0xF4, 0x00, 0x00, 0x00, 0x71, 0x20, 0x00, 0x00,
    0x23, 0x00, 0x00, 0x00, 0x46, 0x00, 0x0D, 0x97, 0xEF, 0x3C, 0x7E, 0x80, 0x34, 0x40, 0x84, 0xF9,
    0xC5, 0x6D, 0x1B, 0x02, 0x35, 0x5C, 0xBE, 0xF3, 0xF8, 0x01, 0x55, 0x14, 0x44, 0x54, 0x3A, 0xC0,
    0xE0, 0x23, 0xB7, 0x6D, 0x06, 0xDB, 0x70, 0xF9, 0xCE, 0xE3, 0x0B, 0x01, 0x55, 0x14, 0x44, 0x54,
    0x3A, 0xC0, 0x50, 0x12, 0x06, 0x20, 0x60, 0x7E, 0x71, 0xDB, 0x76, 0x20, 0x0D, 0x97, 0xEF, 0x3C,
    0xBE, 0x10, 0x11, 0xC0, 0x44, 0x84, 0x40, 0x33, 0x2C, 0x84, 0x05, 0x4C, 0xC3, 0xE5, 0x3B, 0x8F,
    0xBF, 0x38, 0xC0, 0x20, 0x36, 0x0F, 0x35, 0xF9, 0xC5, 0x6D, 0x9B, 0xC0, 0x34, 0x5C, 0xBE, 0xF3,
    0xF8, 0x8B, 0x03, 0x0C, 0x62, 0xF3, 0x50, 0x93, 0x8F, 0xDC, 0xB6, 0x0D, 0x54, 0xC3, 0xE5, 0x3B,
    0x8F, 0x2F, 0x4D, 0x4E, 0x44, 0xA0, 0xD4, 0xF4, 0x50, 0x93, 0x5F, 0xDC, 0xB6, 0x15, 0x3C, 0xC3,
    0xE5, 0x3B, 0x8F, 0x4F, 0x35, 0x40, 0x84, 0xF9, 0xC5, 0x6D, 0x1B, 0x00, 0xC1, 0x00, 0x48, 0x03,
    0x61, 0x20, 0x00, 0x00, 0x48, 0x01, 0x00, 0x00, 0x13, 0x04, 0x41, 0x2C, 0x10, 0x00, 0x00, 0x00,
    0x0E, 0x00, 0x00, 0x00, 0x54, 0x8D, 0x00, 0x50, 0x51, 0x06, 0x44, 0x14, 0x60, 0x40, 0x01, 0x95,
    0x51, 0x21, 0xCD, 0x00, 0x14, 0x62, 0x40, 0x21, 0x94, 0x5C, 0x81, 0x15, 0x4C, 0x11, 0x94, 0x5D,
    0x81, 0x0A, 0xD0, 0x30, 0x46, 0x00, 0x82, 0x20, 0x88, 0x7F, 0x63, 0x04, 0x37, 0xDE, 0x8E, 0x2D,
    0x37, 0x46, 0x00, 0x82, 0x20, 0x08, 0x7F, 0x23, 0x00, 0x00, 0x00, 0x00, 0x23, 0x06, 0x09, 0x00,
    0x82, 0x60, 0x60, 0xA9, 0x81, 0xE2, 0x9D, 0xC1, 0x19, 0x4C, 0x23, 0x06, 0x09, 0x00, 0x82, 0x60,
    0x60, 0xAD, 0xC1, 0xE2, 0xA1, 0x01, 0x1A, 0x50, 0x23, 0x06, 0x09, 0x00, 0x82, 0x60, 0x80, 0xC4,
    0x41, 0xA3, 0x06, 0x69, 0x00, 0x06, 0xCF, 0x88, 0x41, 0x02, 0x80, 0x20, 0x18, 0x18, 0x73, 0xE0,
    0xA8, 0x81, 0x1A, 0x84, 0x01, 0x34, 0x62, 0x90, 0x00, 0x20, 0x08, 0x06, 0x06, 0x1D, 0x3C, 0x6B,
    0xB0, 0x06, 0x5F, 0x34, 0x13, 0x31, 0x06, 0x44, 0x32, 0x0A, 0x23, 0x06, 0x07, 0x00, 0x82, 0x60,
    0x30, 0xC5, 0x01, 0x53, 0xB4, 0xC1, 0x68, 0x42, 0x20, 0x94, 0xD1, 0xC8, 0x88, 0x01, 0x02, 0x80,
    0x20, 0x18, 0x64, 0x72, 0x50, 0x25, 0x81, 0x35, 0x9A, 0x10, 0x08, 0xA3, 0x09, 0xC2, 0x70, 0xC2,
    0xB0, 0x27, 0x0C, 0x6B, 0xC2, 0x21, 0x1F, 0x13, 0x10, 0xF9, 0x14, 0x22, 0x07, 0x30, 0x62, 0x80,
    0x00, 0x20, 0x08, 0x06, 0x99, 0x1E, 0x74, 0x51, 0xE0, 0x8D, 0x26, 0x04, 0xC0, 0x68, 0x82, 0x10,
    0x8C, 0x26, 0x0C, 0xC2, 0x68, 0x02, 0x31, 0x1C, 0x31, 0xEC, 0x11, 0xC3, 0x1E, 0x31, 0xEC, 0x11,
    0xC3, 0x1A, 0x31, 0xC9, 0xC7, 0x08, 0x4A, 0x3E, 0x46, 0x54, 0xF2, 0x31, 0xC2, 0x92, 0x4F, 0x59,
    0x67, 0x00, 0x23, 0x06, 0x08, 0x00, 0x82, 0x60, 0x90, 0xA1, 0xC2, 0x1A, 0x7C, 0x01, 0x1B, 0x8C,
    0x26, 0x04, 0xC0, 0x68, 0x82, 0x10, 0x8C, 0x26, 0x0C, 0xC2, 0x68, 0x02, 0x31, 0x1C, 0x31, 0xEC,
    0x11, 0xC3, 0x1E, 0x31, 0xEC, 0x11, 0xC3, 0x1A, 0x11, 0x06, 0xF2, 0x31, 0x42, 0x0C, 0xE4, 0x63,
    0xC4, 0x18, 0xC8, 0xC7, 0x08, 0x32, 0x90, 0x8F, 0x79, 0x6E, 0x20, 0x1F, 0xF3, 0xDE, 0x40, 0x3E,
    0xB6, 0x06, 0x42, 0x7C, 0x6C, 0x0D, 0x84, 0xF8, 0x0C, 0x47, 0x08, 0x71, 0x40, 0x7C, 0xC3, 0x11,
    0x82, 0x1C, 0x10, 0xDF, 0x74, 0x03, 0x56, 0x05, 0xD3, 0x0D, 0xD8, 0x25, 0x4C, 0x37, 0x08, 0x01,
    0x31, 0x62, 0x70, 0x00, 0x20, 0x08, 0x06, 0x8C, 0x38, 0x8C, 0x42, 0x82, 0x8C, 0x18, 0x1C, 0x00,
    0x08, 0x82, 0x01, 0x33, 0x0E, 0xA4, 0x20, 0x04, 0x23, 0x06, 0x06, 0x00, 0x82, 0x60, 0xE0, 0x8C,
    0x03, 0x2F, 0x24, 0x23, 0x06, 0x06, 0x00, 0x82, 0x60, 0xE0, 0x90, 0x43, 0x2F, 0x24, 0x26, 0x34,
    0xF1, 0x31, 0xA1, 0x89, 0x8F, 0x09, 0x05, 0x7C, 0x4C, 0x30, 0xE0, 0x33, 0x62, 0x70, 0x00, 0x20,
    0x08, 0x06, 0x8C, 0x3A, 0xB0, 0x82, 0x10, 0x8C, 0x18, 0x1C, 0x00, 0x08, 0x82, 0x01, 0xB3, 0x0E,
    0xAC, 0x10, 0xFC, 0xC1, 0x88, 0xC1, 0x01, 0x80, 0x20, 0x18, 0x30, 0xEC, 0xE0, 0x0A, 0x04, 0x28,
    0x8C, 0x18, 0x1C, 0x00, 0x08, 0x82, 0x01, 0xD3, 0x0E, 0xAF, 0x40, 0x84, 0x82, 0x09, 0x82, 0x7C,
    0x4C, 0x10, 0xE4, 0x63, 0x81, 0x00, 0x9F, 0x11, 0x03, 0x03, 0x00, 0x41, 0x30, 0x70, 0xE0, 0x81,
    0x15, 0x02, 0xCB, 0x03, 0x30, 0x88, 0x8F, 0x05, 0x7F, 0x20, 0x1F, 0xD3, 0x83, 0x30, 0x88, 0x8F,
    0x05, 0xA1, 0x20, 0x9F, 0x11, 0x83, 0x03, 0x00, 0x41, 0x30, 0x60, 0xEC, 0x01, 0x17, 0x06, 0x6F,
    0xC4, 0xE0, 0x00, 0x40, 0x10, 0x0C, 0x98, 0x7B, 0xC8, 0x05, 0x41, 0x0C, 0x46, 0x0C, 0x0E, 0x00,
    0x04, 0xC1, 0x80, 0xC1, 0x07, 0x5D, 0x00, 0x83, 0x31, 0x18, 0x31, 0x38, 0x00, 0x10, 0x04, 0x03,
    0x26, 0x1F, 0x76, 0x81, 0x0C, 0xC6, 0x60, 0xC4, 0xE0, 0x00, 0x40, 0x10, 0x0C, 0x18, 0x7D, 0xE0,
    0x05, 0x32, 0x18, 0x83, 0x11, 0x83, 0x03, 0x00, 0x41, 0x30, 0x60, 0xF6, 0xA1, 0x17, 0xC8, 0x60,
    0x0C, 0xAC, 0x0E, 0x88, 0xF8, 0x58, 0x1D, 0x10, 0xF1, 0xB1, 0x3A, 0x20, 0xE2, 0x63, 0x75, 0x40,
    0xC4, 0x67, 0xC4, 0xE0, 0x00, 0x40, 0x10, 0x0C, 0x18, 0x90, 0x10, 0x07, 0x82, 0x16, 0x46, 0x0C,
    0x0E, 0x00, 0x04, 0xC1, 0x80, 0x09, 0x89, 0x71, 0x20, 0x6A, 0x61, 0xC4, 0xE0, 0x00, 0x40, 0x10,
    0x0C, 0x18, 0x91, 0x20, 0x07, 0xC2, 0x16, 0x46, 0x0C, 0x0E, 0x00, 0x04, 0xC1, 0x80, 0x19, 0x89,
    0x72, 0x20, 0x6E, 0xC1, 0x1C, 0x36, 0x80, 0x8F, 0x39, 0x70, 0x00, 0x1F, 0x13, 0x76, 0x41, 0x3E,
    0x26, 0xF0, 0x82, 0x7C, 0x0C, 0x17, 0x84, 0xF8, 0x18, 0x2E, 0x08, 0xF1, 0x31, 0x4A, 0x0E, 0xE2,
    0x63, 0x94, 0x1D, 0xC4, 0xC7, 0x84, 0x70, 0x90, 0x8F, 0x09, 0xE2, 0x20, 0x9F, 0xE1, 0x08, 0x43,
    0x1C, 0x88, 0x6F, 0x38, 0xC2, 0x18, 0x07, 0xE2, 0x9B, 0x6E, 0x80, 0x9A, 0x60, 0xBA, 0x01, 0x7A,
    0x84, 0xE9, 0x06, 0x21, 0x20, 0x46, 0x0C, 0x0E, 0x00, 0x04, 0xC1, 0x80, 0x99, 0x09, 0x7A, 0x38,
    0x8C, 0x11, 0x83, 0x03, 0x00, 0x41, 0x30, 0x60, 0x68, 0xA2, 0x1E, 0x84, 0x60, 0xC4, 0xC0, 0x00,
    0x40, 0x10, 0x0C, 0x1C, 0x9A, 0x68, 0x89, 0x66, 0xC4, 0xC0, 0x00, 0x40, 0x10, 0x0C, 0x9C, 0x9A,
    0x70, 0x89, 0xC6, 0x84, 0x25, 0x3E, 0x26, 0x2C, 0xF1, 0x31, 0xA1, 0x80, 0x8F, 0x09, 0x06, 0x7C,
    0x46, 0x0C, 0x0E, 0x00, 0x04, 0xC1, 0x80, 0xD9, 0x89, 0x7E, 0x10, 0x82, 0x11, 0x83, 0x03, 0x00,
    0x41, 0x30, 0x60, 0x78, 0xA2, 0x1F, 0x02, 0x78, 0x18, 0x31, 0x38, 0x00, 0x10, 0x04, 0x03, 0xA6,
    0x27, 0xFE, 0x81, 0x88, 0x87, 0x11, 0x83, 0x03, 0x00, 0x41, 0x30, 0x60, 0x7C, 0x02, 0x24, 0x08,
    0x79, 0x30, 0x41, 0x90, 0x8F, 0x09, 0x82, 0x7C, 0x2C, 0x10, 0xE0, 0x33, 0x62, 0x60, 0x00, 0x20,
    0x08, 0x06, 0x4E, 0x58, 0xF4, 0x43, 0x60, 0xA0, 0x80, 0x0F, 0xF0, 0xB1, 0x20, 0x0F, 0xE2, 0x63,
    0x01, 0x1D, 0xC4, 0x67, 0xC4, 0xE0, 0x00, 0x40, 0x10, 0x0C, 0x18, 0xB3, 0x40, 0x89, 0x40, 0x1F,
    0x46, 0x0C, 0x0E, 0x00, 0x04, 0xC1, 0x80, 0x39, 0x0B, 0x94, 0x08, 0xFC, 0xC1, 0xA8, 0x7E, 0x80,
    0x8F, 0x05, 0x4D, 0x7C, 0x2C, 0x40, 0xE2, 0x33, 0x62, 0x70, 0x00, 0x20, 0x08, 0x06, 0xCC, 0x5A,
    0xB4, 0x44, 0xF0, 0x0F, 0x23, 0x06, 0x07, 0x00, 0x82, 0x60, 0xC0, 0xB0, 0x45, 0x4B, 0x04, 0x23,
    0x31, 0x62, 0x70, 0x00, 0x20, 0x08, 0x06, 0x4C, 0x5B, 0xB8, 0x44, 0x60, 0xD8, 0x3C, 0xF8, 0x43,
    0x7C, 0x6C, 0x1E, 0xFC, 0x21, 0x3E, 0x23, 0x06, 0x07, 0x00, 0x82, 0x60, 0xC0, 0xC0, 0x85, 0x4C,
    0xEC, 0x82, 0x49, 0x8C, 0x18, 0x1C, 0x00, 0x08, 0x82, 0x01, 0x13, 0x17, 0x33, 0xB1, 0x0B, 0x27,
    0x31, 0x62, 0x70, 0x00, 0x20, 0x08, 0x06, 0x8C, 0x5C, 0xD0, 0xC4, 0x2E, 0xA0, 0xC4, 0x88, 0xC1,
    0x01, 0x80, 0x20, 0x18, 0x30, 0x73, 0x51, 0x13, 0xBB, 0x90, 0x12, 0x36, 0x12, 0x04, 0x7D, 0xEC,
    0x20, 0xE8, 0x63, 0x07, 0x41, 0x1F, 0x3B, 0x09, 0x82, 0x3E, 0x7B, 0x1C, 0x4C, 0x42, 0x2E, 0xE4,
    0x62, 0xD8, 0x80, 0x08, 0x8A, 0x01, 0xD8, 0xE3, 0x70, 0x12, 0x73, 0x41, 0x17, 0xC3, 0x06, 0x44,
    0x50, 0x0C, 0xC0, 0x1E, 0x07, 0x94, 0xA0, 0x0B, 0x9A, 0x18, 0x36, 0x20, 0x82, 0x62, 0x00, 0xF6,
    0x38, 0xA4, 0x44, 0x5D, 0xBC, 0xC5, 0xB0, 0x01, 0x11, 0x14, 0x03, 0x30, 0x1C, 0x71, 0x20, 0xC4,
    0x77, 0x01, 0x11, 0x6B, 0x1C, 0x58, 0x02, 0x2F, 0x02, 0x0A, 0x86, 0x31, 0x1C, 0xA1, 0x04, 0xC4,
    0x37, 0xDD, 0xB0, 0x13, 0x44, 0xB0, 0xC6, 0x01, 0x26, 0xF8, 0x22, 0xA0, 0x60, 0x18, 0xC3, 0x11,
    0x4D, 0x40, 0x7C, 0x05, 0x13, 0x68, 0x01, 0x23, 0x06, 0x08, 0x00, 0x82, 0x60, 0x90, 0x89, 0x46,
    0x59, 0xE4, 0x44, 0x60, 0x16, 0xA3, 0x09, 0x01, 0x30, 0x9A, 0x20, 0x04, 0xA3, 0x09, 0x83, 0x30,
    0x9A, 0x40, 0x0C, 0x47, 0x0C, 0x7B, 0xC4, 0xB0, 0x47, 0x0C, 0x7B, 0xC4, 0xB0, 0x46, 0x88, 0x81,
    0x7C, 0x8C, 0x18, 0x03, 0xF9, 0x18, 0x41, 0x06, 0xF2, 0x31, 0xA2, 0x0C, 0xE4, 0x63, 0x52, 0x5C,
    0xDC, 0x60, 0xBA, 0x01, 0x2E, 0x02, 0xA8, 0xC0, 0x22, 0x2F, 0xA0, 0x02, 0x01, 0x46, 0x0C, 0x10,
    0x00, 0x04, 0xC1, 0x20, 0x9B, 0x0D, 0xBB, 0x50, 0x8B, 0xE0, 0x2E, 0x46, 0x13, 0x02, 0x60, 0x34,
    0x41, 0x08, 0x46, 0x13, 0x06, 0x61, 0x34, 0x81, 0x18, 0x8E, 0x18, 0xF6, 0x88, 0x61, 0x8F, 0x18,
    0xF6, 0x88, 0x61, 0x2D, 0x0F, 0xE6, 0x20, 0x3E, 0x56, 0x04, 0xF2, 0xB1, 0x42, 0x90, 0x8F, 0x15,
    0x83, 0x7C, 0xAC, 0x20, 0xE4, 0x63, 0x84, 0x05, 0x1F, 0x23, 0x2C, 0xF8, 0x18, 0x61, 0xC1, 0xC7,
    0x08, 0x0B, 0x3E, 0x23, 0x06, 0x09, 0x00, 0x82, 0x60, 0xA0, 0xA8, 0xC7, 0x6F, 0x8C, 0xC7, 0x78,
    0xE8, 0x06, 0x31, 0x62, 0x90, 0x00, 0x20, 0x08, 0x06, 0x8A, 0x7A, 0xFC, 0xC6, 0x78, 0x8C, 0xC7,
    0x6D, 0x0C, 0x23, 0x06, 0x09, 0x00, 0x82, 0x60, 0xA0, 0xA8, 0xC7, 0x6F, 0x8C, 0xC7, 0x78, 0xE4,
    0x86, 0x30, 0x62, 0x90, 0x00, 0x20, 0x08, 0x06, 0x8A, 0x7A, 0xFC, 0xC6, 0x78, 0x8C, 0x87, 0x6B,
    0x04, 0x18, 0x10, 0x03, 0x03, 0x00, 0x00, 0x00, 0x5B, 0x06, 0x9B, 0x08, 0xF2, 0x60, 0xCB, 0xA0,
    0x13, 0x41, 0x1E, 0x00, 0x00, 0x00, 0x00, 0x00, 0x00, 0x00, 0x00, 0x00, 0x00, 0x00, 0x00, 0x00,
};

#endif // MAUL_UI_QUAD_CONTAINER_H
